Time,Value
2022-11-17 12:59:48,415
2022-11-17 12:58:48,411
2022-11-17 12:57:48,413
2022-11-17 12:56:48,412
2022-11-17 12:55:48,428
2022-11-17 12:54:48,417
2022-11-17 12:53:48,414
2022-11-17 12:52:48,418
2022-11-17 12:51:48,417
2022-11-17 12:50:48,417
2022-11-17 12:49:48,422
2022-11-17 12:48:48,428
2022-11-17 12:47:48,428
2022-11-17 12:46:48,423
2022-11-17 12:45:48,421
2022-11-17 12:44:48,419
2022-11-17 12:43:48,423
2022-11-17 12:42:48,414
2022-11-17 12:41:48,407
2022-11-17 12:36:48,405
2022-11-17 12:35:48,407
2022-11-17 12:34:48,401
2022-11-17 12:28:48,425
2022-11-17 12:27:48,464
2022-11-17 12:26:48,467
2022-11-17 12:25:48,463
2022-11-17 12:24:48,468
2022-11-17 12:23:48,472
2022-11-17 12:22:48,468
2022-11-17 12:21:48,480
2022-11-17 12:20:48,481
2022-11-17 12:19:48,484
2022-11-17 12:18:48,482
2022-11-17 12:17:48,482
2022-11-17 12:16:48,494
2022-11-17 12:15:48,485
2022-11-17 12:14:48,482
2022-11-17 12:13:48,488
2022-11-17 12:12:48,491
2022-11-17 12:11:48,493
2022-11-17 12:10:48,496
2022-11-17 12:09:48,497
2022-11-17 12:08:48,498
2022-11-17 12:07:48,487
2022-11-17 12:06:48,497
2022-11-17 12:05:48,491
2022-11-17 12:04:48,484
2022-11-17 12:03:48,485
2022-11-17 12:02:48,482
2022-11-17 12:01:48,488
2022-11-17 12:00:48,488
2022-11-17 11:59:48,486
2022-11-17 11:58:48,488
2022-11-17 11:57:48,489
2022-11-17 11:56:48,495
2022-11-17 11:55:48,489
2022-11-17 11:54:48,520
2022-11-17 11:53:48,525
2022-11-17 11:52:48,544
2022-11-17 11:51:48,549
2022-11-17 11:50:48,546
2022-11-17 11:49:48,538
2022-11-17 11:48:48,537
2022-11-17 11:47:48,530
2022-11-17 11:46:48,531
2022-11-17 11:45:48,540
2022-11-17 11:44:47,523
2022-11-17 11:43:47,534
2022-11-17 11:42:47,527
2022-11-17 11:41:47,532
2022-11-17 11:40:47,527
2022-11-17 11:39:47,534
2022-11-17 11:38:47,554
2022-11-17 11:37:47,590
2022-11-17 11:36:47,582
2022-11-17 11:35:47,594
2022-11-17 11:34:47,607
2022-11-17 11:33:47,608
2022-11-17 11:32:47,618
2022-11-17 11:31:47,618
2022-11-17 11:30:47,614
2022-11-17 11:29:47,617
2022-11-17 11:28:47,636
2022-11-17 11:27:47,629
2022-11-17 11:26:47,639
2022-11-17 11:25:47,638
2022-11-17 11:24:47,637
2022-11-17 11:23:47,644
2022-11-17 11:22:47,646
2022-11-17 11:21:47,641
2022-11-17 11:20:47,637
2022-11-17 11:19:47,661
2022-11-17 11:18:47,656
2022-11-17 11:17:47,664
2022-11-17 11:16:47,658
2022-11-17 11:15:47,668
2022-11-17 11:14:47,668
2022-11-17 11:13:47,672
2022-11-17 11:12:47,674
2022-11-17 11:11:47,675
2022-11-17 11:10:47,668
2022-11-17 11:09:47,669
2022-11-17 11:08:47,669
2022-11-17 11:07:47,671
2022-11-17 11:06:47,679
2022-11-17 11:05:47,668
2022-11-17 11:04:47,680
2022-11-17 11:03:47,679
2022-11-17 11:02:47,689
2022-11-17 11:01:47,686
2022-11-17 11:00:47,688
2022-11-17 10:59:47,692
2022-11-17 10:58:47,698
2022-11-17 10:57:47,703
2022-11-17 10:56:47,701
2022-11-17 10:55:47,693
2022-11-17 10:54:47,691
2022-11-17 10:53:47,708
2022-11-17 10:52:47,692
2022-11-17 10:51:47,696
2022-11-17 10:50:47,699
2022-11-17 10:49:47,692
2022-11-17 10:48:48,687
2022-11-17 10:47:47,696
2022-11-17 10:46:47,693
2022-11-17 10:45:47,696
2022-11-17 10:44:47,697
2022-11-17 10:43:47,707
2022-11-17 10:42:47,714
2022-11-17 10:41:47,709
2022-11-17 10:40:47,714
2022-11-17 10:39:47,715
2022-11-17 10:38:47,728
2022-11-17 10:37:47,722
2022-11-17 10:36:47,737
2022-11-17 10:35:47,730
2022-11-17 10:34:47,730
2022-11-17 10:33:47,738
2022-11-17 10:32:47,738
2022-11-17 10:31:47,738
2022-11-17 10:30:47,740
2022-11-17 10:29:47,744
2022-11-17 10:28:47,754
2022-11-17 10:27:47,748
2022-11-17 10:26:47,753
2022-11-17 10:25:47,762
2022-11-17 10:24:47,760
2022-11-17 10:23:47,754
2022-11-17 10:22:47,763
2022-11-17 10:21:47,760
2022-11-17 10:20:47,761
2022-11-17 10:19:47,773
2022-11-17 10:18:47,760
2022-11-17 10:17:47,760
2022-11-17 10:16:47,760
2022-11-17 10:15:47,775
2022-11-17 10:14:47,775
2022-11-17 10:13:47,770
2022-11-17 10:12:47,772
2022-11-17 10:11:47,771
2022-11-17 10:10:47,779
2022-11-17 10:09:47,772
2022-11-17 10:08:47,782
2022-11-17 10:07:47,780
2022-11-17 10:06:47,778
2022-11-17 10:05:46,779
2022-11-17 10:04:46,782
2022-11-17 10:03:46,788
2022-11-17 10:02:46,788
2022-11-17 10:01:46,790
2022-11-17 10:00:46,792
2022-11-17 09:59:46,793
2022-11-17 09:58:46,792
2022-11-17 09:57:46,792
2022-11-17 09:56:46,818
2022-11-17 09:55:46,814
2022-11-17 09:54:46,816
2022-11-17 09:53:46,815
2022-11-17 09:52:46,808
2022-11-17 09:51:46,827
2022-11-17 09:50:46,821
2022-11-17 09:49:46,827
2022-11-17 09:48:46,832
2022-11-17 09:47:46,815
2022-11-17 09:46:46,817
2022-11-17 09:45:46,816
2022-11-17 09:44:46,814
2022-11-17 09:43:46,814
2022-11-17 09:42:46,823
2022-11-17 09:41:46,825
2022-11-17 09:40:46,811
2022-11-17 09:39:46,819
2022-11-17 09:38:46,824
2022-11-17 09:37:46,830
2022-11-17 09:36:46,842
2022-11-17 09:35:46,842
2022-11-17 09:34:46,840
2022-11-17 09:33:46,838
2022-11-17 09:32:46,833
2022-11-17 09:31:46,833
2022-11-17 09:30:46,844
2022-11-17 09:29:46,846
2022-11-17 09:28:46,851
2022-11-17 09:27:46,858
2022-11-17 09:26:46,883
2022-11-17 09:25:46,902
2022-11-17 09:24:46,884
2022-11-17 09:23:46,896
2022-11-17 09:22:46,893
2022-11-17 09:21:46,908
2022-11-17 09:20:46,899
2022-11-17 09:19:46,918
2022-11-17 09:18:46,890
2022-11-17 09:17:46,896
2022-11-17 09:16:46,892
2022-11-17 09:15:46,888
2022-11-17 09:14:46,918
2022-11-17 09:13:46,918
2022-11-17 09:12:46,927
2022-11-17 09:11:46,926
2022-11-17 09:10:46,899
2022-11-17 09:09:46,883
2022-11-17 09:08:46,888
2022-11-17 09:07:46,873
2022-11-17 09:06:46,872
2022-11-17 09:05:46,899
2022-11-17 09:04:46,867
2022-11-17 09:03:46,908
2022-11-17 09:02:46,913
2022-11-17 09:01:46,896
2022-11-17 09:00:46,914
2022-11-17 08:59:46,929
2022-11-17 08:58:46,896
2022-11-17 08:57:46,899
2022-11-17 08:56:46,887
2022-11-17 08:55:46,863
2022-11-17 08:54:46,852
2022-11-17 08:53:46,863
2022-11-17 08:52:46,875
2022-11-17 08:51:46,860
2022-11-17 08:50:46,853
2022-11-17 08:49:46,851
2022-11-17 08:48:46,840
2022-11-17 08:47:46,841
2022-11-17 08:46:46,837
2022-11-17 08:45:46,836
2022-11-17 08:44:46,840
2022-11-17 08:43:46,830
2022-11-17 08:42:46,823
2022-11-17 08:41:46,834
2022-11-17 08:40:46,828
2022-11-17 08:39:46,830
2022-11-17 08:38:46,830
2022-11-17 08:37:46,832
2022-11-17 08:36:46,829
2022-11-17 08:35:46,846
2022-11-17 08:34:46,857
2022-11-17 08:33:46,871
2022-11-17 08:32:46,867
2022-11-17 08:31:46,876
2022-11-17 08:30:46,896
2022-11-17 08:29:46,887
2022-11-17 08:28:46,919
2022-11-17 08:27:46,932
2022-11-17 08:26:46,909
2022-11-17 08:25:45,916
2022-11-17 08:24:45,906
2022-11-17 08:23:45,913
2022-11-17 08:22:45,896
2022-11-17 08:21:45,925
2022-11-17 08:20:45,909
2022-11-17 08:19:45,893
2022-11-17 08:18:45,868
2022-11-17 08:17:45,854
2022-11-17 08:16:45,852
2022-11-17 08:15:45,854
2022-11-17 08:14:45,854
2022-11-17 08:13:45,842
2022-11-17 08:12:45,837
2022-11-17 08:11:45,831
2022-11-17 08:10:45,827
2022-11-17 08:09:45,821
2022-11-17 08:08:45,829
2022-11-17 08:07:45,828
2022-11-17 08:06:45,826
2022-11-17 08:05:45,831
2022-11-17 08:04:45,827
2022-11-17 08:03:45,811
2022-11-17 08:02:45,808
2022-11-17 08:01:45,803
2022-11-17 08:00:45,828
2022-11-17 07:59:45,923
2022-11-17 07:58:45,971
2022-11-17 07:57:45,969
2022-11-17 07:56:45,953
2022-11-17 07:55:45,930
2022-11-17 07:54:45,923
2022-11-17 07:53:45,942
2022-11-17 07:52:45,1027
2022-11-17 07:51:45,1042
2022-11-17 07:50:45,1041
2022-11-17 07:49:45,1057
2022-11-17 07:48:45,1061
2022-11-17 07:47:45,1009
2022-11-17 07:46:45,990
2022-11-17 07:45:45,996
2022-11-17 07:44:45,973
2022-11-17 07:43:45,978
2022-11-17 07:42:45,1000
2022-11-17 07:41:45,961
2022-11-17 07:40:45,960
2022-11-17 07:39:45,922
2022-11-17 07:38:45,896
2022-11-17 07:37:45,900
2022-11-17 07:36:45,914
2022-11-17 07:35:45,909
2022-11-17 07:34:45,960
2022-11-17 07:33:45,947
2022-11-17 07:32:45,920
2022-11-17 07:31:45,877
2022-11-17 07:30:45,859
2022-11-17 07:29:45,858
2022-11-17 07:28:45,852
2022-11-17 07:27:45,842
2022-11-17 07:26:45,832
2022-11-17 07:25:45,828
2022-11-17 07:24:45,822
2022-11-17 07:23:45,806
2022-11-17 07:22:45,787
2022-11-17 07:21:45,778
2022-11-17 07:20:45,776
2022-11-17 07:19:45,799
2022-11-17 07:18:45,794
2022-11-17 07:17:45,801
2022-11-17 07:16:45,775
2022-11-17 07:15:45,744
2022-11-17 07:14:45,738
2022-11-17 07:13:45,730
2022-11-17 07:12:45,721
2022-11-17 07:11:45,692
2022-11-17 07:10:45,684
2022-11-17 07:09:45,665
2022-11-17 07:08:45,709
2022-11-17 07:07:45,761
2022-11-17 07:06:45,801
2022-11-17 07:05:45,797
2022-11-17 07:04:45,813
2022-11-17 07:03:45,832
2022-11-17 07:02:45,834
2022-11-17 07:01:45,838
2022-11-17 07:00:45,822
2022-11-17 06:59:45,809
2022-11-17 06:58:45,785
2022-11-17 06:57:45,770
2022-11-17 06:56:45,762
2022-11-17 06:55:45,764
2022-11-17 06:54:45,749
2022-11-17 06:53:45,775
2022-11-17 06:52:45,808
2022-11-17 06:51:45,861
2022-11-17 06:50:45,923
2022-11-17 06:49:45,939
2022-11-17 06:48:45,951
2022-11-17 06:47:45,988
2022-11-17 06:46:45,1083
2022-11-17 06:45:44,1129
2022-11-17 06:44:44,1122
2022-11-17 06:43:44,1136
2022-11-17 06:42:44,1132
2022-11-17 06:41:44,1137
2022-11-17 06:40:44,1131
2022-11-17 06:39:44,1122
2022-11-17 06:38:44,1112
2022-11-17 06:37:44,1104
2022-11-17 06:36:44,1112
2022-11-17 06:35:44,1119
2022-11-17 06:34:44,1119
2022-11-17 06:33:44,1128
2022-11-17 06:32:44,1133
2022-11-17 06:31:44,1102
2022-11-17 06:30:44,1144
2022-11-17 06:29:44,1134
2022-11-17 06:28:44,1138
2022-11-17 06:27:44,1139
2022-11-17 06:26:44,1146
2022-11-17 06:25:44,1137
2022-11-17 06:24:44,1146
2022-11-17 06:23:44,1173
2022-11-17 06:22:44,1201
2022-11-17 06:21:44,1235
2022-11-17 06:20:44,1272
2022-11-17 06:19:44,1310
2022-11-17 06:18:44,1295
2022-11-17 06:17:44,1294
2022-11-17 06:16:44,1276
2022-11-17 06:15:44,1268
2022-11-17 06:14:44,1286
2022-11-17 06:13:44,1288
2022-11-17 06:12:44,1279
2022-11-17 06:11:44,1255
2022-11-17 06:10:44,1258
2022-11-17 06:09:44,1250
2022-11-17 06:08:44,1300
2022-11-17 06:07:44,1304
2022-11-17 06:06:44,1292
2022-11-17 06:05:44,1312
2022-11-17 06:04:44,1340
2022-11-17 06:03:44,1309
2022-11-17 06:02:44,1326
2022-11-17 06:01:44,1325
2022-11-17 06:00:44,1306
2022-11-17 05:59:44,1305
2022-11-17 05:58:44,1305
2022-11-17 05:57:44,1326
2022-11-17 05:56:44,1315
2022-11-17 05:55:44,1308
2022-11-17 05:54:44,1302
2022-11-17 05:53:44,1272
2022-11-17 05:52:44,1276
2022-11-17 05:51:44,1279
2022-11-17 05:50:44,1251
2022-11-17 05:49:44,1241
2022-11-17 05:48:44,1245
2022-11-17 05:47:44,1213
2022-11-17 05:46:44,1209
2022-11-17 05:45:44,1200
2022-11-17 05:44:44,1181
2022-11-17 05:43:44,1160
2022-11-17 05:42:44,1165
2022-11-17 05:41:44,1152
2022-11-17 05:40:44,1117
2022-11-17 05:39:44,1113
2022-11-17 05:38:44,1138
2022-11-17 05:37:44,1255
2022-11-17 05:36:44,1249
2022-11-17 05:35:44,1257
2022-11-17 05:34:44,1225
2022-11-17 05:33:44,1227
2022-11-17 05:32:44,1235
2022-11-17 05:31:44,1235
2022-11-17 05:30:44,1219
2022-11-17 05:29:44,1233
2022-11-17 05:28:44,1293
2022-11-17 05:27:44,1281
2022-11-17 05:26:44,1272
2022-11-17 05:25:44,1240
2022-11-17 05:24:44,1262
2022-11-17 05:23:44,1247
2022-11-17 05:22:44,1277
2022-11-17 05:21:44,1307
2022-11-17 05:20:44,1272
2022-11-17 05:19:44,1246
2022-11-17 05:18:44,1261
2022-11-17 05:17:44,1259
2022-11-17 05:16:44,1217
2022-11-17 05:15:44,1221
2022-11-17 05:14:44,1194
2022-11-17 05:13:44,1184
2022-11-17 05:12:44,1185
2022-11-17 05:11:44,1154
2022-11-17 05:10:44,1177
2022-11-17 05:09:44,1155
2022-11-17 05:08:44,1163
2022-11-17 05:07:44,1118
2022-11-17 05:06:44,1117
2022-11-17 05:05:43,1115
2022-11-17 05:04:43,1092
2022-11-17 05:03:43,1075
2022-11-17 05:02:43,1068
2022-11-17 05:01:43,1061
2022-11-17 05:00:43,1046
2022-11-17 04:59:43,1010
2022-11-17 04:58:43,1028
2022-11-17 04:57:43,1008
2022-11-17 04:56:43,988
2022-11-17 04:55:43,966
2022-11-17 04:54:43,926
2022-11-17 04:53:43,896
2022-11-17 04:52:43,892
2022-11-17 04:51:43,858
2022-11-17 04:50:43,824
2022-11-17 04:49:43,814
2022-11-17 04:48:43,820
2022-11-17 04:47:43,825
2022-11-17 04:46:43,807
2022-11-17 04:45:43,790
2022-11-17 04:44:43,779
2022-11-17 04:43:43,785
2022-11-17 04:42:43,808
2022-11-17 04:41:43,823
2022-11-17 04:40:43,842
2022-11-17 04:39:43,840
2022-11-17 04:38:43,830
2022-11-17 04:37:43,821
2022-11-17 04:36:43,818
2022-11-17 04:35:43,818
2022-11-17 04:34:43,818
2022-11-17 04:33:43,802
2022-11-17 04:32:43,810
2022-11-17 04:31:43,812
2022-11-17 04:30:43,807
2022-11-17 04:29:43,792
2022-11-17 04:28:43,788
2022-11-17 04:27:43,778
2022-11-17 04:26:43,764
2022-11-17 04:25:43,760
2022-11-17 04:24:43,773
2022-11-17 04:23:43,752
2022-11-17 04:22:43,783
2022-11-17 04:21:43,773
2022-11-17 04:20:43,798
2022-11-17 04:19:43,826
2022-11-17 04:18:43,828
2022-11-17 04:17:43,830
2022-11-17 04:16:43,829
2022-11-17 04:15:43,838
2022-11-17 04:14:43,829
2022-11-17 04:13:43,808
2022-11-17 04:12:43,785
2022-11-17 04:11:43,779
2022-11-17 04:10:43,769
2022-11-17 04:09:43,756
2022-11-17 04:08:43,768
2022-11-17 04:07:43,760
2022-11-17 04:06:43,775
2022-11-17 04:05:43,736
2022-11-17 04:04:43,726
2022-11-17 04:03:43,705
2022-11-17 04:02:43,687
2022-11-17 04:01:43,698
2022-11-17 04:00:43,751
2022-11-17 03:59:43,751
2022-11-17 03:58:43,752
2022-11-17 03:57:43,732
2022-11-17 03:56:43,715
2022-11-17 03:55:43,731
2022-11-17 03:54:43,710
2022-11-17 03:53:43,708
2022-11-17 03:52:43,834
2022-11-17 03:51:43,804
2022-11-17 03:50:43,812
2022-11-17 03:49:43,828
2022-11-17 03:48:43,822
2022-11-17 03:47:43,803
2022-11-17 03:46:43,819
2022-11-17 03:45:43,805
2022-11-17 03:44:43,801
2022-11-17 03:43:43,785
2022-11-17 03:42:43,752
2022-11-17 03:41:43,720
2022-11-17 03:40:43,695
2022-11-17 03:39:43,674
2022-11-17 03:38:43,658
2022-11-17 03:37:43,659
2022-11-17 03:36:43,658
2022-11-17 03:35:43,660
2022-11-17 03:34:43,637
2022-11-17 03:33:43,619
2022-11-17 03:32:43,588
2022-11-17 03:31:43,600
2022-11-17 03:30:43,597
2022-11-17 03:29:43,601
2022-11-17 03:28:43,595
2022-11-17 03:27:43,616
2022-11-17 03:26:43,612
2022-11-17 03:25:42,616
2022-11-17 03:24:42,578
2022-11-17 03:23:42,543
2022-11-17 03:22:42,563
2022-11-17 03:21:42,535
2022-11-17 03:20:42,598
2022-11-17 03:19:42,562
2022-11-17 03:18:42,574
2022-11-17 03:17:42,656
2022-11-17 03:16:42,660
2022-11-17 03:15:42,845
2022-11-17 03:14:42,1038
2022-11-17 03:13:42,1043
2022-11-17 03:12:42,1039
2022-11-17 03:11:42,994
2022-11-17 03:10:42,934
2022-11-17 03:09:42,890
2022-11-17 03:08:42,846
2022-11-17 03:07:42,829
2022-11-17 03:06:42,804
2022-11-17 03:05:42,806
2022-11-17 03:04:42,783
2022-11-17 03:03:42,768
2022-11-17 03:02:42,747
2022-11-17 03:01:42,727
2022-11-17 03:00:42,703
2022-11-17 02:59:42,677
2022-11-17 02:58:42,654
2022-11-17 02:57:42,686
2022-11-17 02:56:42,695
2022-11-17 02:55:42,677
2022-11-17 02:54:42,640
2022-11-17 02:53:42,616
2022-11-17 02:52:42,575
2022-11-17 02:51:42,554
2022-11-17 02:50:42,499
2022-11-17 02:49:42,449
2022-11-17 02:48:42,457
2022-11-17 02:47:42,503
2022-11-17 02:46:42,450
2022-11-17 02:45:42,417
2022-11-17 02:44:42,526
2022-11-17 02:43:42,521
2022-11-17 02:42:42,673
2022-11-17 02:41:42,806
2022-11-17 02:40:42,767
2022-11-17 02:39:42,742
2022-11-17 02:38:42,744
2022-11-17 02:37:42,757
2022-11-17 02:36:42,773
2022-11-17 02:35:42,751
2022-11-17 02:34:42,715
2022-11-17 02:33:42,728
2022-11-17 02:32:42,741
2022-11-17 02:31:42,714
2022-11-17 02:30:42,716
2022-11-17 02:29:42,762
2022-11-17 02:28:42,772
2022-11-17 02:27:42,772
2022-11-17 02:26:42,777
2022-11-17 02:25:42,757
2022-11-17 02:24:42,749
2022-11-17 02:23:42,735
2022-11-17 02:22:42,741
2022-11-17 02:21:42,774
2022-11-17 02:20:42,776
2022-11-17 02:19:42,776
2022-11-17 02:18:42,801
2022-11-17 02:17:42,802
2022-11-17 02:16:42,941
2022-11-17 02:15:42,942
2022-11-17 02:14:42,921
2022-11-17 02:13:42,995
2022-11-17 02:12:42,993
2022-11-17 02:11:42,1020
2022-11-17 02:10:42,1028
2022-11-17 02:09:42,1014
2022-11-17 02:08:42,963
2022-11-17 02:07:42,1010
2022-11-17 02:06:42,1035
2022-11-17 02:05:42,961
2022-11-17 02:04:42,976
2022-11-17 02:03:42,921
2022-11-17 02:02:42,873
2022-11-17 02:01:42,890
2022-11-17 02:00:42,850
2022-11-17 01:59:42,806
2022-11-17 01:58:42,801
2022-11-17 01:57:42,815
2022-11-17 01:56:42,783
2022-11-17 01:55:42,763
2022-11-17 01:54:42,753
2022-11-17 01:53:42,733
2022-11-17 01:52:42,706
2022-11-17 01:51:42,667
2022-11-17 01:50:42,627
2022-11-17 01:49:42,575
2022-11-17 01:48:42,636
2022-11-17 01:47:42,715
2022-11-17 01:46:42,767
2022-11-17 01:45:41,740
2022-11-17 01:44:41,716
2022-11-17 01:43:41,791
2022-11-17 01:42:41,800
2022-11-17 01:41:41,811
2022-11-17 01:40:41,798
2022-11-17 01:39:41,762
2022-11-17 01:38:41,790
2022-11-17 01:37:41,928
2022-11-17 01:36:41,1274
2022-11-17 01:35:41,1264
2022-11-17 01:34:41,1265
2022-11-17 01:33:41,1247
2022-11-17 01:32:41,1235
2022-11-17 01:31:41,1232
2022-11-17 01:30:41,1217
2022-11-17 01:29:41,1203
2022-11-17 01:28:41,1201
2022-11-17 01:27:41,1257
2022-11-17 01:26:41,1269
2022-11-17 01:25:41,1229
2022-11-17 01:24:41,1211
2022-11-17 01:23:41,1208
2022-11-17 01:22:41,1211
2022-11-17 01:21:41,1195
2022-11-17 01:20:41,1199
2022-11-17 01:19:41,1205
2022-11-17 01:18:41,1172
2022-11-17 01:17:41,1101
2022-11-17 01:16:41,1052
2022-11-17 01:15:41,1014
2022-11-17 01:14:41,1025
2022-11-17 01:13:41,1025
2022-11-17 01:12:41,1015
2022-11-17 01:11:41,977
2022-11-17 01:10:41,950
2022-11-17 01:09:41,895
2022-11-17 01:08:41,840
2022-11-17 01:07:41,818
2022-11-17 01:06:41,764
2022-11-17 01:05:41,728
2022-11-17 01:04:41,690
2022-11-17 01:03:41,773
2022-11-17 01:02:41,980
2022-11-17 01:01:41,1081
2022-11-17 01:00:41,1056
2022-11-17 00:59:41,1148
2022-11-17 00:58:41,1169
2022-11-17 00:57:41,1180
2022-11-17 00:56:41,1188
2022-11-17 00:55:41,1228
2022-11-17 00:54:41,1208
2022-11-17 00:53:41,1230
2022-11-17 00:52:41,1244
2022-11-17 00:51:41,1304
2022-11-17 00:50:41,1302
2022-11-17 00:49:41,1264
2022-11-17 00:48:41,1235
2022-11-17 00:47:41,1224
2022-11-17 00:46:41,1185
2022-11-17 00:45:41,1177
2022-11-17 00:44:41,1326
2022-11-17 00:43:41,1289
2022-11-17 00:42:41,1281
2022-11-17 00:41:41,1246
2022-11-17 00:40:41,1232
2022-11-17 00:39:41,1189
2022-11-17 00:38:41,1184
2022-11-17 00:37:41,1135
2022-11-17 00:36:41,1093
2022-11-17 00:35:41,1064
2022-11-17 00:34:41,1007
2022-11-17 00:33:41,1032
2022-11-17 00:32:41,1033
2022-11-17 00:31:41,967
2022-11-17 00:30:41,906
2022-11-17 00:29:41,832
2022-11-17 00:28:41,800
2022-11-17 00:27:41,775
2022-11-17 00:26:41,732
2022-11-17 00:25:41,704
2022-11-17 00:24:41,695
2022-11-17 00:23:41,701
2022-11-17 00:22:41,864
2022-11-17 00:21:41,1143
2022-11-17 00:20:41,1292
2022-11-17 00:19:41,1243
2022-11-17 00:18:41,1205
2022-11-17 00:17:41,1160
2022-11-17 00:16:41,1108
2022-11-17 00:15:41,1042
2022-11-17 00:14:41,979
2022-11-17 00:13:41,907
2022-11-17 00:12:41,843
2022-11-17 00:11:41,797
2022-11-17 00:10:41,744
2022-11-17 00:09:41,703
2022-11-17 00:08:41,750
2022-11-17 00:07:41,750
2022-11-17 00:06:41,730
2022-11-17 00:05:40,829
2022-11-17 00:04:40,802
2022-11-17 00:03:40,780
2022-11-17 00:02:40,755
2022-11-17 00:01:40,705
2022-11-17 00:00:40,649
2022-11-16 23:59:40,662
2022-11-16 23:58:40,618
2022-11-16 23:57:40,636
2022-11-16 23:56:40,675
2022-11-16 23:55:40,790
2022-11-16 23:54:40,802
2022-11-16 23:53:40,831
2022-11-16 23:52:40,789
2022-11-16 23:51:40,750
2022-11-16 23:50:40,722
2022-11-16 23:49:40,689
2022-11-16 23:48:40,648
2022-11-16 23:47:40,631
2022-11-16 23:46:40,667
2022-11-16 23:45:40,645
2022-11-16 23:44:40,593
2022-11-16 23:43:40,580
2022-11-16 23:42:40,613
2022-11-16 23:41:40,653
2022-11-16 23:40:40,633
2022-11-16 23:39:40,667
2022-11-16 23:38:40,791
2022-11-16 23:37:40,806
2022-11-16 23:36:40,1053
2022-11-16 23:35:40,1193
2022-11-16 23:34:40,1212
2022-11-16 23:33:40,1153
2022-11-16 23:32:40,1216
2022-11-16 23:31:40,1221
2022-11-16 23:30:40,1147
2022-11-16 23:29:40,1130
2022-11-16 23:28:40,1076
2022-11-16 23:27:40,1012
2022-11-16 23:26:40,970
2022-11-16 23:25:40,961
2022-11-16 23:24:40,937
2022-11-16 23:23:40,951
2022-11-16 23:22:40,932
2022-11-16 23:21:40,907
2022-11-16 23:20:40,867
2022-11-16 23:19:40,1012
2022-11-16 23:18:40,942
2022-11-16 23:17:40,936
2022-11-16 23:16:40,1277
2022-11-16 23:15:40,1218
2022-11-16 23:14:40,1203
2022-11-16 23:13:40,1202
2022-11-16 23:12:40,1177
2022-11-16 23:11:40,1179
2022-11-16 23:10:40,1133
2022-11-16 23:09:40,1115
2022-11-16 23:08:40,1075
2022-11-16 23:07:40,1055
2022-11-16 23:06:40,1120
2022-11-16 23:05:40,1216
2022-11-16 23:04:40,1195
2022-11-16 23:03:40,1168
2022-11-16 23:02:40,1163
2022-11-16 23:01:40,1099
2022-11-16 23:00:40,1041
2022-11-16 22:59:40,1022
2022-11-16 22:58:40,968
2022-11-16 22:57:40,861
2022-11-16 22:56:40,838
2022-11-16 22:55:40,1172
2022-11-16 22:54:40,1192
2022-11-16 22:53:40,1155
2022-11-16 22:52:40,1208
2022-11-16 22:51:40,1264
2022-11-16 22:50:40,1256
2022-11-16 22:49:40,1265
2022-11-16 22:48:40,1216
2022-11-16 22:47:40,1196
2022-11-16 22:46:40,1145
2022-11-16 22:45:40,1088
2022-11-16 22:44:40,1067
2022-11-16 22:43:40,1038
2022-11-16 22:42:40,1043
2022-11-16 22:41:40,956
2022-11-16 22:40:40,921
2022-11-16 22:39:40,877
2022-11-16 22:38:40,838
2022-11-16 22:37:40,808
2022-11-16 22:36:40,792
2022-11-16 22:35:40,753
2022-11-16 22:34:40,714
2022-11-16 22:33:40,719
2022-11-16 22:32:40,731
2022-11-16 22:31:40,686
2022-11-16 22:30:40,644
2022-11-16 22:29:40,659
2022-11-16 22:28:40,748
2022-11-16 22:27:40,742
2022-11-16 22:26:40,716
2022-11-16 22:25:39,703
2022-11-16 22:24:39,730
2022-11-16 22:23:39,676
2022-11-16 22:22:39,609
2022-11-16 22:21:39,568
2022-11-16 22:20:39,565
2022-11-16 22:19:39,593
2022-11-16 22:18:39,587
2022-11-16 22:17:39,587
2022-11-16 22:16:39,616
2022-11-16 22:15:39,619
2022-11-16 22:14:39,565
2022-11-16 22:13:39,566
2022-11-16 22:12:39,564
2022-11-16 22:11:39,601
2022-11-16 22:10:39,598
2022-11-16 22:09:39,650
2022-11-16 22:08:39,660
2022-11-16 22:07:39,747
2022-11-16 22:06:39,720
2022-11-16 22:05:39,765
2022-11-16 22:04:39,775
2022-11-16 22:03:39,842
2022-11-16 22:02:39,801
2022-11-16 22:01:39,784
2022-11-16 22:00:39,785
2022-11-16 21:59:39,756
2022-11-16 21:58:39,714
2022-11-16 21:57:39,727
2022-11-16 21:56:39,749
2022-11-16 21:55:39,737
2022-11-16 21:54:39,765
2022-11-16 21:53:39,773
2022-11-16 21:52:39,819
2022-11-16 21:51:39,846
2022-11-16 21:50:39,850
2022-11-16 21:49:39,844
2022-11-16 21:48:39,895
2022-11-16 21:47:39,894
2022-11-16 21:46:39,825
2022-11-16 21:45:39,896
2022-11-16 21:44:39,865
2022-11-16 21:43:39,962
2022-11-16 21:42:39,1171
2022-11-16 21:41:39,1207
2022-11-16 21:40:39,1251
2022-11-16 21:39:39,1393
2022-11-16 21:38:39,1396
2022-11-16 21:37:39,1469
2022-11-16 21:36:39,1566
2022-11-16 21:35:39,1567
2022-11-16 21:34:39,1525
2022-11-16 21:33:39,1482
2022-11-16 21:32:39,1432
2022-11-16 21:31:39,1414
2022-11-16 21:30:39,1327
2022-11-16 21:29:39,1259
2022-11-16 21:28:39,1261
2022-11-16 21:27:39,1175
2022-11-16 21:26:39,1058
2022-11-16 21:25:39,969
2022-11-16 21:24:39,853
2022-11-16 21:23:39,839
2022-11-16 21:22:39,756
2022-11-16 21:21:39,675
2022-11-16 21:20:39,691
2022-11-16 21:19:39,645
2022-11-16 21:18:39,587
2022-11-16 21:17:39,625
2022-11-16 21:16:39,576
2022-11-16 21:15:39,763
2022-11-16 21:14:39,855
2022-11-16 21:13:39,848
2022-11-16 21:12:39,1042
2022-11-16 21:11:39,1306
2022-11-16 21:10:39,1273
2022-11-16 21:09:39,1252
2022-11-16 21:08:39,1237
2022-11-16 21:07:39,1291
2022-11-16 21:06:39,1219
2022-11-16 21:05:39,1135
2022-11-16 21:04:39,1055
2022-11-16 21:03:39,967
2022-11-16 21:02:39,878
2022-11-16 21:01:39,793
2022-11-16 21:00:39,746
2022-11-16 20:59:39,807
2022-11-16 20:58:39,787
2022-11-16 20:57:39,1001
2022-11-16 20:56:39,1016
2022-11-16 20:55:39,955
2022-11-16 20:54:39,899
2022-11-16 20:53:39,1093
2022-11-16 20:52:39,1223
2022-11-16 20:51:39,1198
2022-11-16 20:50:39,1422
2022-11-16 20:49:39,1402
2022-11-16 20:48:39,1345
2022-11-16 20:47:39,1274
2022-11-16 20:46:39,1269
2022-11-16 20:45:38,1385
2022-11-16 20:44:38,1422
2022-11-16 20:43:38,1457
2022-11-16 20:42:38,1428
2022-11-16 20:41:38,1394
2022-11-16 20:40:38,1410
2022-11-16 20:39:38,1390
2022-11-16 20:38:38,1373
2022-11-16 20:37:38,1318
2022-11-16 20:36:38,1325
2022-11-16 20:35:38,1394
2022-11-16 20:34:38,1394
2022-11-16 20:33:38,1424
2022-11-16 20:32:38,1474
2022-11-16 20:31:38,1443
2022-11-16 20:30:38,1366
2022-11-16 20:29:38,1444
2022-11-16 20:28:38,1379
2022-11-16 20:27:38,1315
2022-11-16 20:26:38,1432
2022-11-16 20:25:38,1403
2022-11-16 20:24:38,1408
2022-11-16 20:23:38,1369
2022-11-16 20:22:38,1707
2022-11-16 20:21:38,1811
2022-11-16 20:20:38,1773
2022-11-16 20:19:38,1743
2022-11-16 20:18:38,1708
2022-11-16 20:17:38,1675
2022-11-16 20:16:38,1597
2022-11-16 20:15:38,1553
2022-11-16 20:14:38,1503
2022-11-16 20:13:38,1456
2022-11-16 20:12:38,1418
2022-11-16 20:11:38,1320
2022-11-16 20:10:38,1249
2022-11-16 20:09:38,1165
2022-11-16 20:08:38,1118
2022-11-16 20:07:38,994
2022-11-16 20:06:38,879
2022-11-16 20:05:38,905
2022-11-16 20:04:38,904
2022-11-16 20:03:38,812
2022-11-16 20:02:38,759
2022-11-16 20:01:38,732
2022-11-16 20:00:38,686
2022-11-16 19:59:38,686
2022-11-16 19:58:38,797
2022-11-16 19:57:38,1027
2022-11-16 19:56:38,1086
2022-11-16 19:55:38,1090
2022-11-16 19:54:38,977
2022-11-16 19:53:38,973
2022-11-16 19:52:38,1255
2022-11-16 19:51:38,1184
2022-11-16 19:50:38,1133
2022-11-16 19:49:38,1100
2022-11-16 19:48:38,974
2022-11-16 19:47:38,900
2022-11-16 19:46:38,854
2022-11-16 19:45:38,829
2022-11-16 19:44:38,828
2022-11-16 19:43:38,1055
2022-11-16 19:42:38,1012
2022-11-16 19:41:38,1123
2022-11-16 19:40:38,1052
2022-11-16 19:39:38,1168
2022-11-16 19:38:38,1123
2022-11-16 19:37:38,1053
2022-11-16 19:36:38,1000
2022-11-16 19:35:38,850
2022-11-16 19:34:38,988
2022-11-16 19:33:38,1491
2022-11-16 19:32:38,1527
2022-11-16 19:31:38,1619
2022-11-16 19:30:38,1575
2022-11-16 19:29:38,1548
2022-11-16 19:28:38,1498
2022-11-16 19:27:38,1540
2022-11-16 19:26:38,1500
2022-11-16 19:25:38,1449
2022-11-16 19:24:38,1406
2022-11-16 19:23:38,1475
2022-11-16 19:22:38,1646
2022-11-16 19:21:38,1873
2022-11-16 19:20:38,1923
2022-11-16 19:19:38,1896
2022-11-16 19:18:38,1889
2022-11-16 19:17:38,1900
2022-11-16 19:16:38,1988
2022-11-16 19:15:38,2023
2022-11-16 19:14:38,2175
2022-11-16 19:13:38,2190
2022-11-16 19:12:38,2330
2022-11-16 19:11:38,2462
2022-11-16 19:10:38,2575
2022-11-16 19:09:38,2651
2022-11-16 19:08:38,2761
2022-11-16 19:07:38,2825
2022-11-16 19:06:38,2911
2022-11-16 19:05:37,2852
2022-11-16 19:04:37,2884
2022-11-16 19:03:37,2833
2022-11-16 19:02:37,2813
2022-11-16 19:01:37,2757
2022-11-16 19:00:37,2825
2022-11-16 18:59:37,2774
2022-11-16 18:58:37,2779
2022-11-16 18:57:37,2695
2022-11-16 18:56:37,2658
2022-11-16 18:55:37,2680
2022-11-16 18:54:37,2599
2022-11-16 18:53:37,2580
2022-11-16 18:52:37,2511
2022-11-16 18:51:37,2460
2022-11-16 18:50:37,2403
2022-11-16 18:49:37,2305
2022-11-16 18:48:37,2273
2022-11-16 18:47:37,2192
2022-11-16 18:46:37,2202
2022-11-16 18:45:37,2104
2022-11-16 18:44:37,2050
2022-11-16 18:43:37,2079
2022-11-16 18:42:37,2032
2022-11-16 18:41:37,2036
2022-11-16 18:40:37,2021
2022-11-16 18:39:37,2062
2022-11-16 18:38:37,2334
2022-11-16 18:37:37,2531
2022-11-16 18:36:37,2533
2022-11-16 18:35:37,2555
2022-11-16 18:34:37,2541
2022-11-16 18:33:37,2582
2022-11-16 18:32:37,2516
2022-11-16 18:31:37,2531
2022-11-16 18:30:37,2472
2022-11-16 18:29:37,2408
2022-11-16 18:28:37,2290
2022-11-16 18:27:37,2190
2022-11-16 18:26:37,2096
2022-11-16 18:25:37,2017
2022-11-16 18:24:37,1985
2022-11-16 18:23:37,1931
2022-11-16 18:22:37,1864
2022-11-16 18:21:37,1844
2022-11-16 18:20:37,1828
2022-11-16 18:19:37,1809
2022-11-16 18:18:37,1734
2022-11-16 18:17:37,1746
2022-11-16 18:16:37,1846
2022-11-16 18:15:37,2003
2022-11-16 18:14:37,2084
2022-11-16 18:13:37,2044
2022-11-16 18:12:37,2024
2022-11-16 18:11:37,2018
2022-11-16 18:10:37,2021
2022-11-16 18:09:37,1975
2022-11-16 18:08:37,1976
2022-11-16 18:07:37,2061
2022-11-16 18:06:37,2202
2022-11-16 18:05:37,2209
2022-11-16 18:04:37,2266
2022-11-16 18:03:37,2312
2022-11-16 18:02:37,2241
2022-11-16 18:01:37,2126
2022-11-16 18:00:37,2072
2022-11-16 17:59:37,2062
2022-11-16 17:58:37,2037
2022-11-16 17:57:37,2062
2022-11-16 17:56:37,2056
2022-11-16 17:55:37,2060
2022-11-16 17:54:37,2061
2022-11-16 17:53:37,2136
2022-11-16 17:52:37,2180
2022-11-16 17:51:37,2123
2022-11-16 17:50:37,2084
2022-11-16 17:49:37,2128
2022-11-16 17:48:37,2222
2022-11-16 17:47:37,2214
2022-11-16 17:46:37,2261
2022-11-16 17:45:37,2246
2022-11-16 17:44:37,2177
2022-11-16 17:43:37,2163
2022-11-16 17:42:37,2254
2022-11-16 17:41:37,2371
2022-11-16 17:40:37,2239
2022-11-16 17:39:37,2160
2022-11-16 17:38:37,2273
2022-11-16 17:37:37,2303
2022-11-16 17:36:37,2227
2022-11-16 17:35:37,2116
2022-11-16 17:34:37,2082
2022-11-16 17:33:37,2012
2022-11-16 17:32:37,1964
2022-11-16 17:31:37,1964
2022-11-16 17:30:37,1987
2022-11-16 17:29:37,1969
2022-11-16 17:28:37,2000
2022-11-16 17:27:37,1980
2022-11-16 17:26:37,1993
2022-11-16 17:25:36,1969
2022-11-16 17:24:36,2012
2022-11-16 17:23:36,2023
2022-11-16 17:22:36,2018
2022-11-16 17:21:36,2016
2022-11-16 17:20:36,2039
2022-11-16 17:19:36,1997
2022-11-16 17:18:36,1947
2022-11-16 17:17:36,1910
2022-11-16 17:16:36,1885
2022-11-16 17:15:36,1896
2022-11-16 17:14:36,1891
2022-11-16 17:13:36,1928
2022-11-16 17:12:36,1958
2022-11-16 17:11:36,1921
2022-11-16 17:10:36,1913
2022-11-16 17:09:36,1904
2022-11-16 17:08:36,1828
2022-11-16 17:07:36,1791
2022-11-16 17:06:36,1909
2022-11-16 17:05:36,1945
2022-11-16 17:04:36,1923
2022-11-16 17:03:36,1925
2022-11-16 17:02:36,1919
2022-11-16 17:01:36,1959
2022-11-16 17:00:36,2061
2022-11-16 16:59:36,2018
2022-11-16 16:58:36,1938
2022-11-16 16:57:36,1921
2022-11-16 16:56:36,1869
2022-11-16 16:55:36,1789
2022-11-16 16:54:36,1749
2022-11-16 16:53:36,1747
2022-11-16 16:52:36,1738
2022-11-16 16:51:36,1743
2022-11-16 16:50:36,1738
2022-11-16 16:49:36,1843
2022-11-16 16:48:36,1822
2022-11-16 16:47:36,1823
2022-11-16 16:46:36,1891
2022-11-16 16:45:36,1829
2022-11-16 16:44:36,1790
2022-11-16 16:43:36,1767
2022-11-16 16:42:36,1824
2022-11-16 16:41:36,1889
2022-11-16 16:40:36,1815
2022-11-16 16:39:36,1777
2022-11-16 16:38:36,1844
2022-11-16 16:37:36,1887
2022-11-16 16:36:36,1909
2022-11-16 16:35:36,1943
2022-11-16 16:34:36,2025
2022-11-16 16:33:36,2033
2022-11-16 16:32:36,2031
2022-11-16 16:31:36,2007
2022-11-16 16:30:36,1991
2022-11-16 16:29:36,1961
2022-11-16 16:28:36,1922
2022-11-16 16:27:36,1881
2022-11-16 16:26:36,1872
2022-11-16 16:25:36,1821
2022-11-16 16:24:36,1793
2022-11-16 16:23:36,1749
2022-11-16 16:22:36,1761
2022-11-16 16:21:36,1791
2022-11-16 16:20:36,1766
2022-11-16 16:19:36,1782
2022-11-16 16:18:36,1716
2022-11-16 16:17:36,1680
2022-11-16 16:16:36,1627
2022-11-16 16:15:36,1613
2022-11-16 16:14:36,1655
2022-11-16 16:13:36,1701
2022-11-16 16:12:36,1739
2022-11-16 16:11:36,1713
2022-11-16 16:10:36,1666
2022-11-16 16:09:36,1644
2022-11-16 16:08:36,1581
2022-11-16 16:07:36,1492
2022-11-16 16:06:36,1446
2022-11-16 16:05:36,1477
2022-11-16 16:04:36,1454
2022-11-16 16:03:36,1404
2022-11-16 16:02:36,1404
2022-11-16 16:01:36,1346
2022-11-16 16:00:36,1285
2022-11-16 15:59:36,1185
2022-11-16 15:58:36,1077
2022-11-16 15:57:36,990
2022-11-16 15:56:36,1007
2022-11-16 15:55:36,1049
2022-11-16 15:54:36,1060
2022-11-16 15:53:36,1084
2022-11-16 15:52:36,1047
2022-11-16 15:51:36,1181
2022-11-16 15:50:36,1133
2022-11-16 15:49:36,1023
2022-11-16 15:48:36,996
2022-11-16 15:47:36,992
2022-11-16 15:46:36,904
2022-11-16 15:45:35,862
2022-11-16 15:44:35,853
2022-11-16 15:43:35,880
2022-11-16 15:42:35,831
2022-11-16 15:41:35,918
2022-11-16 15:40:35,906
2022-11-16 15:39:35,962
2022-11-16 15:38:35,1044
2022-11-16 15:37:35,964
2022-11-16 15:36:35,1042
2022-11-16 15:35:35,1058
2022-11-16 15:34:35,1108
2022-11-16 15:33:35,1165
2022-11-16 15:32:35,1378
2022-11-16 15:31:35,1408
2022-11-16 15:30:35,1272
2022-11-16 15:29:35,1406
2022-11-16 15:28:35,1398
2022-11-16 15:27:35,1365
2022-11-16 15:26:35,1268
2022-11-16 15:25:35,1283
2022-11-16 15:24:35,1317
2022-11-16 15:23:35,1229
2022-11-16 15:22:35,1196
2022-11-16 15:21:35,1104
2022-11-16 15:20:35,1051
2022-11-16 15:19:35,1051
2022-11-16 15:18:35,1032
2022-11-16 15:17:35,944
2022-11-16 15:16:35,926
2022-11-16 15:15:35,820
2022-11-16 15:14:35,867
2022-11-16 15:13:35,863
2022-11-16 15:12:35,848
2022-11-16 15:11:35,888
2022-11-16 15:10:35,961
2022-11-16 15:09:35,958
2022-11-16 15:08:35,1077
2022-11-16 15:07:35,1171
2022-11-16 15:06:35,1435
2022-11-16 15:05:35,1409
2022-11-16 15:04:35,1421
2022-11-16 15:03:35,1389
2022-11-16 15:02:35,1339
2022-11-16 15:01:35,1253
2022-11-16 15:00:35,1256
2022-11-16 14:59:35,1204
2022-11-16 14:58:35,1307
2022-11-16 14:57:35,1253
2022-11-16 14:56:35,1139
2022-11-16 14:55:35,990
2022-11-16 14:54:35,1029
2022-11-16 14:53:35,1069
2022-11-16 14:52:35,1239
2022-11-16 14:51:35,1096
2022-11-16 14:50:35,1053
2022-11-16 14:49:35,1086
2022-11-16 14:48:35,1144
2022-11-16 14:47:35,1081
2022-11-16 14:46:35,1183
2022-11-16 14:45:35,1273
2022-11-16 14:44:35,1452
2022-11-16 14:43:35,1780
2022-11-16 14:42:35,1856
2022-11-16 14:41:35,1950
2022-11-16 14:40:35,1907
2022-11-16 14:39:35,1758
2022-11-16 14:38:35,1596
2022-11-16 14:37:35,1665
2022-11-16 14:36:35,1626
2022-11-16 14:35:35,1666
2022-11-16 14:34:35,1818
2022-11-16 14:33:35,1816
2022-11-16 14:32:35,1923
2022-11-16 14:31:35,1784
2022-11-16 14:30:35,1780
2022-11-16 14:29:35,1755
2022-11-16 14:28:35,1783
2022-11-16 14:27:35,1891
2022-11-16 14:26:35,2106
2022-11-16 14:25:35,2155
2022-11-16 14:24:35,1929
2022-11-16 14:23:35,1763
2022-11-16 14:22:35,1636
2022-11-16 14:21:35,1614
2022-11-16 14:20:35,1700
2022-11-16 14:19:35,1858
2022-11-16 14:18:35,1667
2022-11-16 14:17:35,1664
2022-11-16 14:16:35,1709
2022-11-16 14:15:35,1596
2022-11-16 14:14:35,1430
2022-11-16 14:13:35,1451
2022-11-16 14:12:35,1589
2022-11-16 14:11:35,1722
2022-11-16 14:10:35,1856
2022-11-16 14:09:35,1777
2022-11-16 14:08:35,1954
2022-11-16 14:07:35,2146
2022-11-16 14:06:35,2096
2022-11-16 14:05:34,2219
2022-11-16 14:04:34,2624
2022-11-16 14:03:34,2538
2022-11-16 14:02:34,2612
2022-11-16 14:01:34,2590
2022-11-16 14:00:34,2506
2022-11-16 13:59:34,2322
2022-11-16 13:58:34,2146
2022-11-16 13:57:34,2094
2022-11-16 13:56:34,2155
2022-11-16 13:55:34,2411
2022-11-16 13:54:34,2401
2022-11-16 13:53:34,2415
2022-11-16 13:52:34,2771
2022-11-16 13:51:34,2987
2022-11-16 13:50:34,3294
2022-11-16 13:49:34,3164
2022-11-16 13:48:34,3066
2022-11-16 13:47:34,2972
2022-11-16 13:46:34,2860
2022-11-16 13:45:34,2653
2022-11-16 13:44:34,2572
2022-11-16 13:43:34,2801
2022-11-16 13:42:34,2950
2022-11-16 13:41:34,2867
2022-11-16 13:40:34,2668
2022-11-16 13:39:34,2526
2022-11-16 13:38:34,2359
2022-11-16 13:37:34,2114
2022-11-16 13:36:34,2116
2022-11-16 13:35:34,2020
2022-11-16 13:34:34,1969
2022-11-16 13:33:34,1896
2022-11-16 13:32:34,1905
2022-11-16 13:31:34,1934
2022-11-16 13:30:34,1889
2022-11-16 13:29:34,1786
2022-11-16 13:28:34,1710
2022-11-16 13:27:34,1581
2022-11-16 13:26:34,1462
2022-11-16 13:25:34,1447
2022-11-16 13:24:34,1461
2022-11-16 13:23:34,1588
2022-11-16 13:22:34,1554
2022-11-16 13:21:34,1649
2022-11-16 13:20:34,1750
2022-11-16 13:19:34,1642
2022-11-16 13:18:34,1555
2022-11-16 13:17:34,1599
2022-11-16 13:16:34,1571
2022-11-16 13:15:34,1676
2022-11-16 13:14:34,1820
2022-11-16 13:13:34,1803
2022-11-16 13:12:34,1575
2022-11-16 13:11:34,1644
2022-11-16 13:10:34,1820
2022-11-16 13:09:34,2032
2022-11-16 13:08:34,2032
2022-11-16 13:07:34,1989
2022-11-16 13:06:34,1908
2022-11-16 13:05:34,1844
2022-11-16 13:04:34,1750
2022-11-16 13:03:34,1555
2022-11-16 13:02:34,1577
2022-11-16 13:01:34,1760
2022-11-16 13:00:34,1797
2022-11-16 12:59:34,1733
2022-11-16 12:58:34,1812
2022-11-16 12:57:34,1908
2022-11-16 12:56:34,2074
2022-11-16 12:55:34,1988
2022-11-16 12:54:34,2021
2022-11-16 12:53:34,2224
2022-11-16 12:52:34,2273
2022-11-16 12:51:34,2771
2022-11-16 12:50:34,2926
2022-11-16 12:49:34,2889
2022-11-16 12:48:34,2774
2022-11-16 12:47:34,2712
2022-11-16 12:46:34,2700
2022-11-16 12:45:34,2599
2022-11-16 12:44:34,2457
2022-11-16 12:43:34,2273
2022-11-16 12:42:34,2357
2022-11-16 12:41:34,2457
2022-11-16 12:40:34,2209
2022-11-16 12:39:34,2123
2022-11-16 12:38:34,2327
2022-11-16 12:37:34,2484
2022-11-16 12:36:34,2673
2022-11-16 12:35:34,2766
2022-11-16 12:34:34,2639
2022-11-16 12:33:34,2631
2022-11-16 12:32:34,2384
2022-11-16 12:31:34,2128
2022-11-16 12:30:34,2119
2022-11-16 12:29:34,2060
2022-11-16 12:28:34,2435
2022-11-16 12:27:34,2472
2022-11-16 12:26:34,3115
2022-11-16 12:25:33,2995
2022-11-16 12:24:33,2906
2022-11-16 12:23:33,2769
2022-11-16 12:22:33,2626
2022-11-16 12:21:33,2369
2022-11-16 12:20:33,2322
2022-11-16 12:19:33,2053
2022-11-16 12:18:33,2185
2022-11-16 12:17:33,2428
2022-11-16 12:16:33,2472
2022-11-16 12:15:33,2204
2022-11-16 12:14:33,2012
2022-11-16 12:13:33,2261
2022-11-16 12:12:33,2646
2022-11-16 12:11:33,3095
2022-11-16 12:10:33,3100
2022-11-16 12:09:33,3122
2022-11-16 12:08:33,2933
2022-11-16 12:07:33,2730
2022-11-16 12:06:33,2526
2022-11-16 12:05:33,2695
2022-11-16 12:04:33,2678
2022-11-16 12:03:33,2710
2022-11-16 12:02:33,2948
2022-11-16 12:01:33,2796
2022-11-16 12:00:33,3446
2022-11-16 11:59:33,3434
2022-11-16 11:58:33,3463
2022-11-16 11:57:33,3451
2022-11-16 11:56:33,3534
2022-11-16 11:55:33,3515
2022-11-16 11:54:33,3574
2022-11-16 11:53:33,3564
2022-11-16 11:52:33,3517
2022-11-16 11:51:33,3385
2022-11-16 11:50:33,3377
2022-11-16 11:49:33,3228
2022-11-16 11:48:33,3230
2022-11-16 11:47:33,3181
2022-11-16 11:46:33,3154
2022-11-16 11:45:33,3336
2022-11-16 11:44:33,3215
2022-11-16 11:43:33,3076
2022-11-16 11:42:33,2847
2022-11-16 11:41:33,2963
2022-11-16 11:40:33,3134
2022-11-16 11:39:33,2933
2022-11-16 11:38:33,2982
2022-11-16 11:37:33,2842
2022-11-16 11:36:33,3102
2022-11-16 11:35:33,3193
2022-11-16 11:34:33,3304
2022-11-16 11:33:33,3414
2022-11-16 11:32:33,3321
2022-11-16 11:31:33,3318
2022-11-16 11:30:33,3255
2022-11-16 11:29:33,3203
2022-11-16 11:28:33,3193
2022-11-16 11:27:33,3215
2022-11-16 11:26:33,3130
2022-11-16 11:25:33,2997
2022-11-16 11:24:33,2845
2022-11-16 11:23:33,2587
2022-11-16 11:22:33,2447
2022-11-16 11:21:33,2553
2022-11-16 11:20:33,2460
2022-11-16 11:19:33,2396
2022-11-16 11:18:33,2442
2022-11-16 11:17:33,2357
2022-11-16 11:16:33,2352
2022-11-16 11:15:33,2617
2022-11-16 11:14:33,2634
2022-11-16 11:13:33,2803
2022-11-16 11:12:33,3017
2022-11-16 11:11:33,2975
2022-11-16 11:10:33,3019
2022-11-16 11:09:33,3044
2022-11-16 11:08:33,2894
2022-11-16 11:07:33,2690
2022-11-16 11:06:33,2747
2022-11-16 11:05:33,2948
2022-11-16 11:04:33,2710
2022-11-16 11:03:33,2381
2022-11-16 11:02:33,2823
2022-11-16 11:01:33,3053
2022-11-16 11:00:33,3019
2022-11-16 10:59:33,3088
2022-11-16 10:58:33,2933
2022-11-16 10:57:33,2808
2022-11-16 10:56:33,2651
2022-11-16 10:55:33,2938
2022-11-16 10:54:33,2980
2022-11-16 10:53:33,2977
2022-11-16 10:52:33,3068
2022-11-16 10:51:33,3110
2022-11-16 10:50:33,2869
2022-11-16 10:49:33,3117
2022-11-16 10:48:33,3591
2022-11-16 10:47:33,3804
2022-11-16 10:46:33,3750
2022-11-16 10:45:32,3615
2022-11-16 10:44:32,3529
2022-11-16 10:43:32,3635
2022-11-16 10:42:32,3527
2022-11-16 10:41:32,3768
2022-11-16 10:40:32,3782
2022-11-16 10:39:32,3763
2022-11-16 10:38:32,3795
2022-11-16 10:37:32,3738
2022-11-16 10:36:32,3539
2022-11-16 10:35:32,3689
2022-11-16 10:34:32,3696
2022-11-16 10:33:32,3807
2022-11-16 10:32:32,3915
2022-11-16 10:31:32,3858
2022-11-16 10:30:32,3812
2022-11-16 10:29:32,3691
2022-11-16 10:28:32,3677
2022-11-16 10:27:32,3635
2022-11-16 10:26:32,3645
2022-11-16 10:25:32,3596
2022-11-16 10:24:32,3537
2022-11-16 10:23:32,3601
2022-11-16 10:22:32,3414
2022-11-16 10:21:32,3370
2022-11-16 10:20:32,3277
2022-11-16 10:19:32,3068
2022-11-16 10:18:32,2899
2022-11-16 10:17:32,3134
2022-11-16 10:16:32,3053
2022-11-16 10:15:32,2793
2022-11-16 10:14:32,2693
2022-11-16 10:13:32,2752
2022-11-16 10:12:32,3031
2022-11-16 10:11:32,3262
2022-11-16 10:10:32,3321
2022-11-16 10:09:32,3326
2022-11-16 10:08:32,3240
2022-11-16 10:07:32,3282
2022-11-16 10:06:32,3154
2022-11-16 10:05:32,3088
2022-11-16 10:04:32,2948
2022-11-16 10:03:32,2847
2022-11-16 10:02:32,2815
2022-11-16 10:01:32,2894
2022-11-16 10:00:32,2759
2022-11-16 09:59:32,2538
2022-11-16 09:58:32,3380
2022-11-16 09:57:32,3377
2022-11-16 09:56:32,3287
2022-11-16 09:55:32,3360
2022-11-16 09:54:32,3144
2022-11-16 09:53:32,3009
2022-11-16 09:52:32,3080
2022-11-16 09:51:32,2874
2022-11-16 09:50:32,2793
2022-11-16 09:49:32,2585
2022-11-16 09:47:12,2536
2022-11-16 09:46:12,2968
2022-11-16 09:45:12,2968
2022-11-16 09:44:12,2796
2022-11-16 09:43:12,2764
2022-11-16 09:42:12,2815
2022-11-16 09:41:12,2916
2022-11-16 09:40:12,3144
2022-11-16 09:39:12,3188
2022-11-16 09:38:12,3225
2022-11-16 09:37:12,3039
2022-11-16 09:36:12,2815
2022-11-16 09:35:12,3223
2022-11-16 09:34:12,3078
2022-11-16 09:33:11,2985
2022-11-16 09:32:11,2818
2022-11-16 09:31:11,2592
2022-11-16 09:30:11,2359
2022-11-16 09:29:11,2715
2022-11-16 09:28:11,3036
2022-11-16 09:27:11,3284
2022-11-16 09:26:11,3102
2022-11-16 09:25:11,3058
2022-11-16 09:24:11,2730
2022-11-16 09:23:11,2791
2022-11-16 09:22:11,2587
2022-11-16 09:21:11,3201
2022-11-16 09:20:11,3264
2022-11-16 09:19:11,3395
2022-11-16 09:18:11,3215
2022-11-16 09:17:11,3186
2022-11-16 09:16:11,3547
2022-11-16 09:15:11,3475
2022-11-16 09:14:11,3385
2022-11-16 09:13:11,3348
2022-11-16 09:12:11,3304
2022-11-16 09:11:11,3323
2022-11-16 09:10:11,3964
2022-11-16 09:09:11,3878
2022-11-16 09:08:11,3807
2022-11-16 09:07:11,3836
2022-11-16 09:06:11,3927
2022-11-16 09:05:11,3858
2022-11-16 09:04:11,3677
2022-11-16 09:03:11,3780
2022-11-16 09:02:11,3939
2022-11-16 09:01:11,3853
2022-11-16 09:00:11,3745
2022-11-16 08:59:11,3505
2022-11-16 08:58:11,3596
2022-11-16 08:57:11,3370
2022-11-16 08:56:11,3152
2022-11-16 08:55:11,3102
2022-11-16 08:54:11,3422
2022-11-16 08:53:11,4062
2022-11-16 08:52:11,4094
2022-11-16 08:51:11,4590
2022-11-16 08:50:11,4499
2022-11-16 08:49:11,4261
2022-11-16 08:48:11,3782
2022-11-16 08:47:11,4145
2022-11-16 08:46:11,4680
2022-11-16 08:45:11,6304
2022-11-16 08:44:11,6182
2022-11-16 08:43:11,6159
2022-11-16 08:42:11,5939
2022-11-16 08:41:11,6414
2022-11-16 08:40:11,6773
2022-11-16 08:39:11,6732
2022-11-16 08:38:11,6738
2022-11-16 08:37:11,6570
2022-11-16 08:36:11,6779
2022-11-16 08:35:11,6923
2022-11-16 08:34:11,6999
2022-11-16 08:33:11,6906
2022-11-16 08:32:11,6842
2022-11-16 08:31:11,6906
2022-11-16 08:30:11,6871
2022-11-16 08:29:11,6732
2022-11-16 08:28:11,6773
2022-11-16 08:27:11,6680
2022-11-16 08:26:11,6750
2022-11-16 08:25:11,6599
2022-11-16 08:24:11,6582
2022-11-16 08:23:11,6489
2022-11-16 08:22:11,6495
2022-11-16 08:21:11,6460
2022-11-16 08:20:11,6506
2022-11-16 08:19:11,6489
2022-11-16 08:18:11,6477
2022-11-16 08:17:11,6263
2022-11-16 08:16:11,6304
2022-11-16 08:15:11,6205
2022-11-16 08:14:11,6153
2022-11-16 08:13:11,6257
2022-11-16 08:12:11,6141
2022-11-16 08:11:11,6078
2022-11-16 08:10:11,5979
2022-11-16 08:09:11,5487
2022-11-16 08:08:11,6269
2022-11-16 08:07:11,6477
2022-11-16 08:06:11,6309
2022-11-16 08:05:11,6431
2022-11-16 08:04:11,6871
2022-11-16 08:03:11,6605
2022-11-16 08:02:11,6952
2022-11-16 08:01:11,6750
2022-11-16 08:00:11,6790
2022-11-16 07:59:11,6750
2022-11-16 07:58:11,6808
2022-11-16 07:57:11,6628
2022-11-16 07:56:11,6726
2022-11-16 07:55:11,6825
2022-11-16 07:54:11,6744
2022-11-16 07:53:10,6802
2022-11-16 07:52:10,6755
2022-11-16 07:51:10,6860
2022-11-16 07:50:10,6819
2022-11-16 07:49:10,6831
2022-11-16 07:48:10,6970
2022-11-16 07:47:10,6738
2022-11-16 07:46:10,6808
2022-11-16 07:45:10,6831
2022-11-16 07:44:10,6889
2022-11-16 07:43:10,6836
2022-11-16 07:42:10,6952
2022-11-16 07:41:10,6935
2022-11-16 07:40:10,6889
2022-11-16 07:39:10,6900
2022-11-16 07:38:10,6941
2022-11-16 07:37:10,6860
2022-11-16 07:36:10,6808
2022-11-16 07:35:10,6761
2022-11-16 07:34:10,6854
2022-11-16 07:33:10,6946
2022-11-16 07:32:10,6883
2022-11-16 07:31:10,6981
2022-11-16 07:30:10,6993
2022-11-16 07:29:10,7033
2022-11-16 07:28:10,6935
2022-11-16 07:27:10,6952
2022-11-16 07:26:10,6854
2022-11-16 07:25:10,6912
2022-11-16 07:24:10,6877
2022-11-16 07:23:10,6871
2022-11-16 07:22:10,6935
2022-11-16 07:21:10,6842
2022-11-16 07:20:10,6755
2022-11-16 07:19:10,6825
2022-11-16 07:18:10,6808
2022-11-16 07:17:10,6831
2022-11-16 07:16:10,6744
2022-11-16 07:15:10,6784
2022-11-16 07:14:10,6831
2022-11-16 07:13:10,6709
2022-11-16 07:12:10,6836
2022-11-16 07:11:10,6860
2022-11-16 07:10:10,6640
2022-11-16 07:09:10,6674
2022-11-16 07:08:10,6651
2022-11-16 07:07:10,6622
2022-11-16 07:06:10,6622
2022-11-16 07:05:10,6576
2022-11-16 07:04:10,6489
2022-11-16 07:03:10,6483
2022-11-16 07:02:10,6425
2022-11-16 07:01:10,6448
2022-11-16 07:00:10,6309
2022-11-16 06:59:10,6518
2022-11-16 06:58:10,6524
2022-11-16 06:57:10,6437
2022-11-16 06:56:10,6425
2022-11-16 06:55:10,6454
2022-11-16 06:54:10,6489
2022-11-16 06:53:10,6448
2022-11-16 06:52:10,6286
2022-11-16 06:51:10,6344
2022-11-16 06:50:10,6309
2022-11-16 06:49:10,6333
2022-11-16 06:48:10,6309
2022-11-16 06:47:10,6327
2022-11-16 06:46:10,6205
2022-11-16 06:45:10,6078
2022-11-16 06:44:10,6014
2022-11-16 06:43:10,6188
2022-11-16 06:42:10,6176
2022-11-16 06:41:10,6593
2022-11-16 06:40:10,6686
2022-11-16 06:39:10,6865
2022-11-16 06:38:10,6750
2022-11-16 06:37:10,6813
2022-11-16 06:36:10,6703
2022-11-16 06:35:10,6535
2022-11-16 06:34:10,6802
2022-11-16 06:33:10,6796
2022-11-16 06:32:10,6779
2022-11-16 06:31:10,6715
2022-11-16 06:30:10,6802
2022-11-16 06:29:10,6802
2022-11-16 06:28:10,6836
2022-11-16 06:27:10,6912
2022-11-16 06:26:10,7010
2022-11-16 06:25:10,6889
2022-11-16 06:24:10,6813
2022-11-16 06:23:10,6825
2022-11-16 06:22:10,6848
2022-11-16 06:21:10,6773
2022-11-16 06:20:10,6854
2022-11-16 06:19:10,6767
2022-11-16 06:18:10,6703
2022-11-16 06:17:10,6802
2022-11-16 06:16:10,6692
2022-11-16 06:15:10,6871
2022-11-16 06:14:10,6715
2022-11-16 06:13:09,6784
2022-11-16 06:12:09,6721
2022-11-16 06:11:09,6669
2022-11-16 06:10:09,6657
2022-11-16 06:09:09,6871
2022-11-16 06:08:09,6709
2022-11-16 06:07:09,6726
2022-11-16 06:06:09,6692
2022-11-16 06:05:09,6767
2022-11-16 06:04:09,6825
2022-11-16 06:03:09,6715
2022-11-16 06:02:09,6871
2022-11-16 06:01:09,6918
2022-11-16 06:00:09,6767
2022-11-16 05:59:09,6669
2022-11-16 05:58:09,6692
2022-11-16 05:57:09,6750
2022-11-16 05:56:09,6883
2022-11-16 05:55:09,7010
2022-11-16 05:54:09,6865
2022-11-16 05:53:09,6842
2022-11-16 05:52:09,6894
2022-11-16 05:51:09,6842
2022-11-16 05:50:09,6773
2022-11-16 05:49:09,6703
2022-11-16 05:48:09,6697
2022-11-16 05:47:09,6808
2022-11-16 05:46:09,6842
2022-11-16 05:45:09,6970
2022-11-16 05:44:09,6970
2022-11-16 05:43:09,6744
2022-11-16 05:42:09,6941
2022-11-16 05:41:09,6848
2022-11-16 05:40:09,6958
2022-11-16 05:39:09,6918
2022-11-16 05:38:09,6906
2022-11-16 05:37:09,6825
2022-11-16 05:36:09,6848
2022-11-16 05:35:09,6836
2022-11-16 05:34:09,6871
2022-11-16 05:33:09,6889
2022-11-16 05:32:09,6790
2022-11-16 05:31:09,6854
2022-11-16 05:30:09,6923
2022-11-16 05:29:09,6889
2022-11-16 05:28:09,6726
2022-11-16 05:27:09,6796
2022-11-16 05:26:09,6732
2022-11-16 05:25:09,6819
2022-11-16 05:24:09,6802
2022-11-16 05:23:09,6894
2022-11-16 05:22:09,6970
2022-11-16 05:21:09,6773
2022-11-16 05:20:09,6599
2022-11-16 05:19:09,6732
2022-11-16 05:18:09,6813
2022-11-16 05:17:09,6773
2022-11-16 05:16:09,6819
2022-11-16 05:15:09,6692
2022-11-16 05:14:09,6715
2022-11-16 05:13:09,6796
2022-11-16 05:12:09,6697
2022-11-16 05:11:09,6674
2022-11-16 05:10:09,6808
2022-11-16 05:09:09,6657
2022-11-16 05:08:09,6692
2022-11-16 05:07:09,6726
2022-11-16 05:06:09,6755
2022-11-16 05:05:09,6744
2022-11-16 05:04:09,6686
2022-11-16 05:03:09,6738
2022-11-16 05:02:09,6790
2022-11-16 05:01:09,6645
2022-11-16 05:00:09,6854
2022-11-16 04:59:09,6738
2022-11-16 04:58:09,6732
2022-11-16 04:57:09,6738
2022-11-16 04:56:09,6709
2022-11-16 04:55:09,6703
2022-11-16 04:54:09,6773
2022-11-16 04:53:09,6692
2022-11-16 04:52:09,6506
2022-11-16 04:51:09,6692
2022-11-16 04:50:09,6744
2022-11-16 04:49:09,6558
2022-11-16 04:48:09,6686
2022-11-16 04:47:09,6541
2022-11-16 04:46:09,6669
2022-11-16 04:45:09,6558
2022-11-16 04:44:09,6616
2022-11-16 04:43:09,6628
2022-11-16 04:42:09,6628
2022-11-16 04:41:09,6674
2022-11-16 04:40:09,6564
2022-11-16 04:39:09,6616
2022-11-16 04:38:09,6674
2022-11-16 04:37:09,6680
2022-11-16 04:36:09,6663
2022-11-16 04:35:09,6645
2022-11-16 04:34:09,6674
2022-11-16 04:33:08,6622
2022-11-16 04:32:08,6599
2022-11-16 04:31:08,6674
2022-11-16 04:30:08,6622
2022-11-16 04:29:08,6611
2022-11-16 04:28:08,6674
2022-11-16 04:27:08,6530
2022-11-16 04:26:08,6495
2022-11-16 04:25:08,6622
2022-11-16 04:24:08,6587
2022-11-16 04:23:08,6628
2022-11-16 04:22:08,6593
2022-11-16 04:21:08,6616
2022-11-16 04:20:08,6582
2022-11-16 04:19:08,6593
2022-11-16 04:18:08,6576
2022-11-16 04:17:08,6611
2022-11-16 04:16:08,6558
2022-11-16 04:15:08,6466
2022-11-16 04:14:08,6460
2022-11-16 04:13:08,6437
2022-11-16 04:12:08,6309
2022-11-16 04:11:08,6396
2022-11-16 04:10:08,6234
2022-11-16 04:09:08,6460
2022-11-16 04:08:08,6344
2022-11-16 04:07:08,6402
2022-11-16 04:06:08,6472
2022-11-16 04:05:08,6448
2022-11-16 04:04:08,6587
2022-11-16 04:03:08,6472
2022-11-16 04:02:08,6628
2022-11-16 04:01:08,6454
2022-11-16 04:00:08,6419
2022-11-16 03:59:08,6518
2022-11-16 03:58:08,6460
2022-11-16 03:57:08,6460
2022-11-16 03:56:08,6396
2022-11-16 03:55:08,6477
2022-11-16 03:54:08,6425
2022-11-16 03:53:08,6373
2022-11-16 03:52:08,6373
2022-11-16 03:51:08,6280
2022-11-16 03:50:08,6298
2022-11-16 03:49:08,6280
2022-11-16 03:48:08,6217
2022-11-16 03:47:08,6165
2022-11-16 03:46:08,6199
2022-11-16 03:45:08,6246
2022-11-16 03:44:08,6217
2022-11-16 03:43:08,6153
2022-11-16 03:42:08,6014
2022-11-16 03:41:08,5979
2022-11-16 03:40:08,6136
2022-11-16 03:39:08,5979
2022-11-16 03:38:08,5927
2022-11-16 03:37:08,6037
2022-11-16 03:36:08,6020
2022-11-16 03:35:08,5956
2022-11-16 03:34:08,5950
2022-11-16 03:33:08,5817
2022-11-16 03:32:08,5725
2022-11-16 03:31:08,5985
2022-11-16 03:30:08,5968
2022-11-16 03:29:08,6072
2022-11-16 03:28:08,6089
2022-11-16 03:27:08,6153
2022-11-16 03:26:08,6037
2022-11-16 03:25:08,6118
2022-11-16 03:24:08,5979
2022-11-16 03:23:08,6176
2022-11-16 03:22:08,5852
2022-11-16 03:21:08,5997
2022-11-16 03:20:08,6020
2022-11-16 03:19:08,6078
2022-11-16 03:18:08,6043
2022-11-16 03:17:08,6095
2022-11-16 03:16:08,6060
2022-11-16 03:15:08,6188
2022-11-16 03:14:08,6043
2022-11-16 03:13:08,5956
2022-11-16 03:12:08,5945
2022-11-16 03:11:08,5910
2022-11-16 03:10:08,5979
2022-11-16 03:09:08,5962
2022-11-16 03:08:08,5840
2022-11-16 03:07:08,5869
2022-11-16 03:06:08,5875
2022-11-16 03:05:08,5927
2022-11-16 03:04:08,5927
2022-11-16 03:03:08,5933
2022-11-16 03:02:08,5916
2022-11-16 03:01:08,5864
2022-11-16 03:00:08,5858
2022-11-16 02:59:08,6031
2022-11-16 02:58:08,5887
2022-11-16 02:57:08,5927
2022-11-16 02:56:08,5887
2022-11-16 02:55:08,5962
2022-11-16 02:54:08,5945
2022-11-16 02:53:07,5979
2022-11-16 02:52:07,6055
2022-11-16 02:51:07,5887
2022-11-16 02:50:07,5892
2022-11-16 02:49:07,6014
2022-11-16 02:48:07,5869
2022-11-16 02:47:07,5979
2022-11-16 02:46:07,5817
2022-11-16 02:45:07,5950
2022-11-16 02:44:07,5794
2022-11-16 02:43:07,5811
2022-11-16 02:42:07,5800
2022-11-16 02:41:07,5881
2022-11-16 02:40:07,5811
2022-11-16 02:39:07,5696
2022-11-16 02:38:07,5840
2022-11-16 02:37:07,5811
2022-11-16 02:36:07,5730
2022-11-16 02:35:07,5777
2022-11-16 02:34:07,5661
2022-11-16 02:33:07,5701
2022-11-16 02:32:07,5730
2022-11-16 02:31:07,5846
2022-11-16 02:30:07,5811
2022-11-16 02:29:07,5864
2022-11-16 02:28:07,5945
2022-11-16 02:27:07,5771
2022-11-16 02:26:07,5840
2022-11-16 02:25:07,5771
2022-11-16 02:24:07,5759
2022-11-16 02:23:07,5794
2022-11-16 02:22:07,5690
2022-11-16 02:21:07,5510
2022-11-16 02:20:07,5522
2022-11-16 02:19:07,5696
2022-11-16 02:18:07,5493
2022-11-16 02:17:07,5447
2022-11-16 02:16:07,5475
2022-11-16 02:15:07,5504
2022-11-16 02:14:07,5539
2022-11-16 02:13:07,5504
2022-11-16 02:12:07,5528
2022-11-16 02:11:07,5418
2022-11-16 02:10:07,5568
2022-11-16 02:09:07,5632
2022-11-16 02:08:07,5597
2022-11-16 02:07:07,5580
2022-11-16 02:06:07,5354
2022-11-16 02:05:07,5371
2022-11-16 02:04:07,5412
2022-11-16 02:03:07,5331
2022-11-16 02:02:07,5348
2022-11-16 02:01:07,5348
2022-11-16 02:00:07,5389
2022-11-16 01:59:07,5331
2022-11-16 01:58:07,5296
2022-11-16 01:57:07,5325
2022-11-16 01:56:07,5232
2022-11-16 01:55:07,5122
2022-11-16 01:52:46,5238
2022-11-16 01:51:46,5331
2022-11-16 01:50:46,5412
2022-11-16 01:49:46,5423
2022-11-16 01:48:46,5313
2022-11-16 01:47:46,5429
2022-11-16 01:46:46,5423
2022-11-16 01:45:46,5429
2022-11-16 01:44:46,5429
2022-11-16 01:43:46,5394
2022-11-16 01:42:46,5412
2022-11-16 01:41:46,5493
2022-11-16 01:40:46,5354
2022-11-16 01:39:46,5400
2022-11-16 01:38:46,5481
2022-11-16 01:37:46,5441
2022-11-16 01:36:46,5447
2022-11-16 01:35:46,5493
2022-11-16 01:34:46,5400
2022-11-16 01:33:46,5418
2022-11-16 01:32:46,5429
2022-11-16 01:31:46,5400
2022-11-16 01:30:46,5464
2022-11-16 01:29:46,5360
2022-11-16 01:28:46,5319
2022-11-16 01:27:46,5377
2022-11-16 01:26:46,5412
2022-11-16 01:25:46,5348
2022-11-16 01:24:46,5325
2022-11-16 01:23:46,5232
2022-11-16 01:22:46,5273
2022-11-16 01:21:46,5203
2022-11-16 01:20:46,5365
2022-11-16 01:19:46,5226
2022-11-16 01:18:46,5319
2022-11-16 01:17:46,5215
2022-11-16 01:16:46,5319
2022-11-16 01:15:46,5244
2022-11-16 01:14:46,5215
2022-11-16 01:13:46,5250
2022-11-16 01:12:46,5279
2022-11-16 01:11:46,5203
2022-11-16 01:10:46,5203
2022-11-16 01:09:46,5169
2022-11-16 01:08:46,5203
2022-11-16 01:07:46,5116
2022-11-16 01:06:46,5157
2022-11-16 01:05:46,5122
2022-11-16 01:04:46,5145
2022-11-16 01:03:46,5018
2022-11-16 01:02:46,5099
2022-11-16 01:01:46,4916
2022-11-16 01:00:46,4926
2022-11-16 00:59:46,5001
2022-11-16 00:58:46,5012
2022-11-16 00:57:46,4989
2022-11-16 00:56:46,4966
2022-11-16 00:55:46,5041
2022-11-16 00:54:46,5001
2022-11-16 00:53:46,4958
2022-11-16 00:52:46,4960
2022-11-16 00:51:46,4940
2022-11-16 00:50:46,4904
2022-11-16 00:49:46,4933
2022-11-16 00:48:46,4916
2022-11-16 00:47:46,4936
2022-11-16 00:46:46,4862
2022-11-16 00:45:46,4882
2022-11-16 00:44:46,4936
2022-11-16 00:43:46,4940
2022-11-16 00:42:46,4904
2022-11-16 00:41:45,4943
2022-11-16 00:40:45,4899
2022-11-16 00:39:45,4916
2022-11-16 00:38:45,4960
2022-11-16 00:37:45,4918
2022-11-16 00:36:45,5006
2022-11-16 00:35:45,4899
2022-11-16 00:34:45,4950
2022-11-16 00:33:45,5030
2022-11-16 00:32:45,4958
2022-11-16 00:31:45,4945
2022-11-16 00:30:45,4906
2022-11-16 00:29:45,4901
2022-11-16 00:28:45,4879
2022-11-16 00:27:45,4916
2022-11-16 00:26:45,4889
2022-11-16 00:25:45,4899
2022-11-16 00:24:45,4904
2022-11-16 00:23:45,4867
2022-11-16 00:22:45,4859
2022-11-16 00:21:45,4891
2022-11-16 00:20:45,4889
2022-11-16 00:19:45,4874
2022-11-16 00:18:45,4830
2022-11-16 00:17:45,4852
2022-11-16 00:16:45,4813
2022-11-16 00:15:45,4805
2022-11-16 00:14:45,4832
2022-11-16 00:13:45,4820
2022-11-16 00:12:45,4867
2022-11-16 00:11:45,4891
2022-11-16 00:10:45,4832
2022-11-16 00:09:45,4830
2022-11-16 00:08:45,4823
2022-11-16 00:07:45,4808
2022-11-16 00:06:45,4744
2022-11-16 00:05:45,4761
2022-11-16 00:04:45,4729
2022-11-16 00:03:45,4793
2022-11-16 00:02:45,4786
2022-11-16 00:01:45,4759
2022-11-16 00:00:45,4742
2022-11-15 23:59:45,4764
2022-11-15 23:58:45,4751
2022-11-15 23:57:45,4739
2022-11-15 23:56:45,4764
2022-11-15 23:55:45,4776
2022-11-15 23:54:45,4778
2022-11-15 23:53:45,4724
2022-11-15 23:52:45,4673
2022-11-15 23:51:45,4697
2022-11-15 23:50:45,4717
2022-11-15 23:49:45,4700
2022-11-15 23:48:45,4680
2022-11-15 23:47:45,4663
2022-11-15 23:46:45,4673
2022-11-15 23:45:45,4651
2022-11-15 23:44:45,4570
2022-11-15 23:43:45,4621
2022-11-15 23:42:45,4612
2022-11-15 23:41:45,4604
2022-11-15 23:40:45,4577
2022-11-15 23:39:45,4587
2022-11-15 23:38:45,4553
2022-11-15 23:37:45,4558
2022-11-15 23:36:45,4550
2022-11-15 23:35:45,4560
2022-11-15 23:34:45,4553
2022-11-15 23:33:45,4513
2022-11-15 23:32:45,4501
2022-11-15 23:31:45,4479
2022-11-15 23:30:45,4518
2022-11-15 23:29:45,4496
2022-11-15 23:28:45,4472
2022-11-15 23:27:45,4469
2022-11-15 23:26:45,4467
2022-11-15 23:25:45,4486
2022-11-15 23:24:45,4452
2022-11-15 23:23:45,4459
2022-11-15 23:22:45,4437
2022-11-15 23:21:45,4445
2022-11-15 23:20:45,4464
2022-11-15 23:19:45,4435
2022-11-15 23:18:45,4364
2022-11-15 23:17:45,4413
2022-11-15 23:16:45,4371
2022-11-15 23:15:45,4405
2022-11-15 23:14:45,4351
2022-11-15 23:13:45,4398
2022-11-15 23:12:45,4325
2022-11-15 23:11:45,4307
2022-11-15 23:10:45,4337
2022-11-15 23:09:45,4312
2022-11-15 23:08:45,4347
2022-11-15 23:07:45,4329
2022-11-15 23:06:45,4275
2022-11-15 23:05:45,4280
2022-11-15 23:04:45,4280
2022-11-15 23:03:45,4266
2022-11-15 23:02:45,4258
2022-11-15 23:01:44,4219
2022-11-15 23:00:44,4192
2022-11-15 22:59:44,4136
2022-11-15 22:58:44,4212
2022-11-15 22:57:44,4160
2022-11-15 22:56:44,4111
2022-11-15 22:55:44,4109
2022-11-15 22:54:44,4084
2022-11-15 22:53:44,4096
2022-11-15 22:52:44,4116
2022-11-15 22:51:44,4069
2022-11-15 22:50:44,4035
2022-11-15 22:49:44,4082
2022-11-15 22:48:44,4028
2022-11-15 22:47:44,4025
2022-11-15 22:46:44,3996
2022-11-15 22:45:44,3983
2022-11-15 22:44:44,4010
2022-11-15 22:43:44,3947
2022-11-15 22:42:44,3991
2022-11-15 22:41:44,3981
2022-11-15 22:40:44,3883
2022-11-15 22:39:44,3929
2022-11-15 22:38:44,3848
2022-11-15 22:37:44,3885
2022-11-15 22:36:44,3812
2022-11-15 22:35:44,3812
2022-11-15 22:34:44,3799
2022-11-15 22:33:44,3768
2022-11-15 22:32:44,3777
2022-11-15 22:31:44,3812
2022-11-15 22:30:44,3755
2022-11-15 22:29:44,3802
2022-11-15 22:28:44,3841
2022-11-15 22:27:44,3790
2022-11-15 22:26:44,3753
2022-11-15 22:25:44,3807
2022-11-15 22:24:44,3731
2022-11-15 22:23:44,3718
2022-11-15 22:22:44,3748
2022-11-15 22:21:44,3718
2022-11-15 22:20:44,3679
2022-11-15 22:19:44,3716
2022-11-15 22:18:44,3674
2022-11-15 22:17:44,3652
2022-11-15 22:16:44,3574
2022-11-15 22:15:44,3637
2022-11-15 22:14:44,3633
2022-11-15 22:13:44,3642
2022-11-15 22:12:44,3559
2022-11-15 22:11:44,3517
2022-11-15 22:10:44,3527
2022-11-15 22:09:44,3603
2022-11-15 22:08:44,3615
2022-11-15 22:07:44,3640
2022-11-15 22:06:44,3610
2022-11-15 22:05:44,3642
2022-11-15 22:04:44,3569
2022-11-15 22:03:44,3552
2022-11-15 22:02:44,3586
2022-11-15 22:01:44,3569
2022-11-15 22:00:44,3510
2022-11-15 21:59:44,3515
2022-11-15 21:58:44,3505
2022-11-15 21:57:44,3498
2022-11-15 21:56:44,3520
2022-11-15 21:55:44,3527
2022-11-15 21:54:44,3507
2022-11-15 21:53:44,3564
2022-11-15 21:52:44,3598
2022-11-15 21:51:44,3520
2022-11-15 21:50:44,3566
2022-11-15 21:49:44,3608
2022-11-15 21:48:44,3583
2022-11-15 21:47:44,3583
2022-11-15 21:46:44,3566
2022-11-15 21:45:44,3564
2022-11-15 21:44:44,3544
2022-11-15 21:43:44,3522
2022-11-15 21:42:44,3564
2022-11-15 21:41:44,3566
2022-11-15 21:40:44,3542
2022-11-15 21:39:44,3525
2022-11-15 21:38:44,3512
2022-11-15 21:37:44,3529
2022-11-15 21:36:44,3495
2022-11-15 21:35:44,3461
2022-11-15 21:34:44,3451
2022-11-15 21:33:44,3485
2022-11-15 21:32:44,3444
2022-11-15 21:31:44,3446
2022-11-15 21:30:44,3426
2022-11-15 21:29:44,3429
2022-11-15 21:28:44,3350
2022-11-15 21:27:44,3350
2022-11-15 21:26:44,3299
2022-11-15 21:25:44,3242
2022-11-15 21:24:44,3363
2022-11-15 21:23:44,3380
2022-11-15 21:22:44,3321
2022-11-15 21:21:43,3304
2022-11-15 21:20:43,3294
2022-11-15 21:19:44,3309
2022-11-15 21:18:43,3291
2022-11-15 21:17:43,3242
2022-11-15 21:16:43,3198
2022-11-15 21:15:43,3193
2022-11-15 21:14:43,3215
2022-11-15 21:13:43,3176
2022-11-15 21:12:43,3130
2022-11-15 21:11:43,3019
2022-11-15 21:10:43,2906
2022-11-15 21:09:43,3029
2022-11-15 21:08:43,3395
2022-11-15 21:07:43,3439
2022-11-15 21:06:43,3515
2022-11-15 21:05:43,3677
2022-11-15 21:04:43,3826
2022-11-15 21:03:43,4010
2022-11-15 21:02:43,4251
2022-11-15 21:01:43,4464
2022-11-15 21:00:43,4602
2022-11-15 20:59:43,4702
2022-11-15 20:58:43,4693
2022-11-15 20:57:43,4705
2022-11-15 20:56:43,4720
2022-11-15 20:55:43,4683
2022-11-15 20:54:43,4702
2022-11-15 20:53:43,4707
2022-11-15 20:52:43,4732
2022-11-15 20:51:43,4724
2022-11-15 20:50:43,4724
2022-11-15 20:49:43,4710
2022-11-15 20:48:43,4700
2022-11-15 20:47:43,4705
2022-11-15 20:46:43,4700
2022-11-15 20:45:43,4685
2022-11-15 20:44:43,4683
2022-11-15 20:43:43,4631
2022-11-15 20:42:43,4609
2022-11-15 20:41:43,4621
2022-11-15 20:40:43,4614
2022-11-15 20:39:43,4604
2022-11-15 20:38:43,4585
2022-11-15 20:37:43,4607
2022-11-15 20:36:43,4599
2022-11-15 20:35:43,4582
2022-11-15 20:34:43,4521
2022-11-15 20:33:43,4513
2022-11-15 20:32:43,4582
2022-11-15 20:31:43,4563
2022-11-15 20:30:43,4607
2022-11-15 20:29:43,4582
2022-11-15 20:28:43,4533
2022-11-15 20:27:43,4565
2022-11-15 20:26:43,4609
2022-11-15 20:25:43,4545
2022-11-15 20:24:43,4511
2022-11-15 20:23:43,4587
2022-11-15 20:22:43,4563
2022-11-15 20:21:43,4518
2022-11-15 20:20:43,4536
2022-11-15 20:19:43,4518
2022-11-15 20:18:43,4516
2022-11-15 20:17:43,4511
2022-11-15 20:16:43,4496
2022-11-15 20:15:43,4479
2022-11-15 20:14:43,4459
2022-11-15 20:13:43,4482
2022-11-15 20:12:43,4484
2022-11-15 20:11:43,4459
2022-11-15 20:10:43,4467
2022-11-15 20:09:43,4457
2022-11-15 20:08:43,4452
2022-11-15 20:07:43,4472
2022-11-15 20:06:43,4437
2022-11-15 20:05:43,4464
2022-11-15 20:04:43,4472
2022-11-15 20:03:43,4396
2022-11-15 20:02:43,4374
2022-11-15 20:01:43,4430
2022-11-15 20:00:43,4464
2022-11-15 19:59:43,4445
2022-11-15 19:58:43,4420
2022-11-15 19:57:43,4403
2022-11-15 19:56:43,4374
2022-11-15 19:55:43,4425
2022-11-15 19:54:43,4413
2022-11-15 19:53:43,4391
2022-11-15 19:52:43,4325
2022-11-15 19:51:43,4300
2022-11-15 19:50:43,4310
2022-11-15 19:49:43,4334
2022-11-15 19:48:43,4339
2022-11-15 19:47:43,4307
2022-11-15 19:46:43,4285
2022-11-15 19:45:43,4307
2022-11-15 19:44:43,4329
2022-11-15 19:43:43,4327
2022-11-15 19:42:43,4288
2022-11-15 19:41:42,4302
2022-11-15 19:40:42,4241
2022-11-15 19:39:42,4317
2022-11-15 19:38:42,4253
2022-11-15 19:37:42,4241
2022-11-15 19:36:42,4271
2022-11-15 19:35:42,4263
2022-11-15 19:34:42,4209
2022-11-15 19:33:42,4194
2022-11-15 19:32:42,4226
2022-11-15 19:31:42,4155
2022-11-15 19:30:42,4248
2022-11-15 19:29:42,4197
2022-11-15 19:28:42,4204
2022-11-15 19:27:42,4234
2022-11-15 19:26:42,4214
2022-11-15 19:25:42,4185
2022-11-15 19:24:42,4194
2022-11-15 19:23:42,4187
2022-11-15 19:22:42,4192
2022-11-15 19:21:42,4153
2022-11-15 19:20:42,4133
2022-11-15 19:19:42,4109
2022-11-15 19:18:42,4167
2022-11-15 19:17:42,4160
2022-11-15 19:16:42,4150
2022-11-15 19:15:42,4116
2022-11-15 19:14:42,4091
2022-11-15 19:13:42,4062
2022-11-15 19:12:42,4109
2022-11-15 19:11:42,4072
2022-11-15 19:10:42,4069
2022-11-15 19:09:42,4101
2022-11-15 19:08:42,4079
2022-11-15 19:07:42,4106
2022-11-15 19:06:42,4072
2022-11-15 19:05:42,4091
2022-11-15 19:04:42,4055
2022-11-15 19:03:42,4059
2022-11-15 19:02:42,4050
2022-11-15 19:01:42,4086
2022-11-15 19:00:42,4035
2022-11-15 18:59:42,4023
2022-11-15 18:58:42,4033
2022-11-15 18:57:42,3998
2022-11-15 18:56:42,4035
2022-11-15 18:55:42,4003
2022-11-15 18:54:42,3988
2022-11-15 18:53:42,4010
2022-11-15 18:52:42,4001
2022-11-15 18:51:42,3954
2022-11-15 18:50:42,4001
2022-11-15 18:49:42,3947
2022-11-15 18:48:42,3998
2022-11-15 18:47:42,3974
2022-11-15 18:46:42,3986
2022-11-15 18:45:42,3925
2022-11-15 18:44:42,3947
2022-11-15 18:43:42,3912
2022-11-15 18:42:42,3925
2022-11-15 18:41:42,3890
2022-11-15 18:40:42,3871
2022-11-15 18:39:42,3932
2022-11-15 18:38:42,3929
2022-11-15 18:37:42,3912
2022-11-15 18:36:42,3902
2022-11-15 18:35:42,3905
2022-11-15 18:34:42,3910
2022-11-15 18:33:42,3910
2022-11-15 18:32:42,3875
2022-11-15 18:31:42,3856
2022-11-15 18:30:42,3839
2022-11-15 18:29:42,3875
2022-11-15 18:28:42,3868
2022-11-15 18:27:42,3817
2022-11-15 18:26:42,3826
2022-11-15 18:25:42,3851
2022-11-15 18:24:42,3799
2022-11-15 18:23:42,3792
2022-11-15 18:22:42,3770
2022-11-15 18:21:42,3802
2022-11-15 18:20:42,3772
2022-11-15 18:19:42,3763
2022-11-15 18:18:42,3743
2022-11-15 18:17:42,3750
2022-11-15 18:16:42,3758
2022-11-15 18:15:42,3706
2022-11-15 18:14:42,3772
2022-11-15 18:13:42,3763
2022-11-15 18:12:42,3694
2022-11-15 18:11:42,3728
2022-11-15 18:10:42,3684
2022-11-15 18:09:42,3711
2022-11-15 18:08:42,3684
2022-11-15 18:07:42,3699
2022-11-15 18:06:42,3645
2022-11-15 18:05:42,3677
2022-11-15 18:04:42,3633
2022-11-15 18:03:42,3635
2022-11-15 18:02:42,3689
2022-11-15 18:01:41,3652
2022-11-15 18:00:41,3630
2022-11-15 17:59:41,3691
2022-11-15 17:58:41,3625
2022-11-15 17:57:41,3630
2022-11-15 17:56:41,3581
2022-11-15 17:55:41,3620
2022-11-15 17:54:41,3645
2022-11-15 17:53:41,3588
2022-11-15 17:52:41,3542
2022-11-15 17:51:41,3588
2022-11-15 17:50:41,3581
2022-11-15 17:49:41,3586
2022-11-15 17:48:41,3588
2022-11-15 17:47:41,3598
2022-11-15 17:46:41,3559
2022-11-15 17:45:41,3534
2022-11-15 17:44:41,3532
2022-11-15 17:43:41,3559
2022-11-15 17:42:41,3564
2022-11-15 17:41:41,3576
2022-11-15 17:40:41,3571
2022-11-15 17:39:41,3517
2022-11-15 17:38:41,3549
2022-11-15 17:37:41,3581
2022-11-15 17:36:41,3547
2022-11-15 17:35:41,3522
2022-11-15 17:34:41,3566
2022-11-15 17:33:41,3525
2022-11-15 17:32:41,3525
2022-11-15 17:31:41,3527
2022-11-15 17:30:41,3539
2022-11-15 17:29:41,3539
2022-11-15 17:28:41,3507
2022-11-15 17:27:41,3525
2022-11-15 17:26:41,3463
2022-11-15 17:25:41,3500
2022-11-15 17:24:41,3485
2022-11-15 17:23:41,3466
2022-11-15 17:22:41,3549
2022-11-15 17:21:41,3480
2022-11-15 17:20:41,3507
2022-11-15 17:19:41,3456
2022-11-15 17:18:41,3475
2022-11-15 17:17:41,3502
2022-11-15 17:16:41,3517
2022-11-15 17:15:41,3453
2022-11-15 17:14:41,3505
2022-11-15 17:13:41,3502
2022-11-15 17:12:41,3485
2022-11-15 17:11:41,3507
2022-11-15 17:10:41,3520
2022-11-15 17:09:41,3554
2022-11-15 17:08:41,3527
2022-11-15 17:07:41,3475
2022-11-15 17:06:41,3461
2022-11-15 17:05:41,3429
2022-11-15 17:04:41,3431
2022-11-15 17:03:41,3458
2022-11-15 17:02:41,3436
2022-11-15 17:01:41,3431
2022-11-15 17:00:41,3446
2022-11-15 16:59:41,3451
2022-11-15 16:58:41,3412
2022-11-15 16:57:41,3397
2022-11-15 16:56:41,3375
2022-11-15 16:55:41,3345
2022-11-15 16:54:41,3370
2022-11-15 16:53:41,3365
2022-11-15 16:52:41,3385
2022-11-15 16:51:41,3380
2022-11-15 16:50:41,3363
2022-11-15 16:49:41,3368
2022-11-15 16:48:41,3314
2022-11-15 16:47:41,3360
2022-11-15 16:46:41,3296
2022-11-15 16:45:41,3277
2022-11-15 16:44:41,3309
2022-11-15 16:43:41,3296
2022-11-15 16:42:41,3282
2022-11-15 16:41:41,3274
2022-11-15 16:40:41,3328
2022-11-15 16:39:41,3284
2022-11-15 16:38:41,3336
2022-11-15 16:37:41,3277
2022-11-15 16:36:41,3277
2022-11-15 16:35:41,3289
2022-11-15 16:34:41,3242
2022-11-15 16:33:41,3237
2022-11-15 16:32:41,3260
2022-11-15 16:31:41,3215
2022-11-15 16:30:41,3218
2022-11-15 16:29:41,3230
2022-11-15 16:28:41,3159
2022-11-15 16:27:41,3171
2022-11-15 16:26:41,3169
2022-11-15 16:25:41,3115
2022-11-15 16:24:41,3051
2022-11-15 16:23:41,3188
2022-11-15 16:22:41,3272
2022-11-15 16:21:40,3223
2022-11-15 16:20:40,3218
2022-11-15 16:19:41,3191
2022-11-15 16:18:40,3164
2022-11-15 16:17:40,3157
2022-11-15 16:16:40,3176
2022-11-15 16:15:40,3191
2022-11-15 16:14:40,3144
2022-11-15 16:13:40,3120
2022-11-15 16:12:40,3107
2022-11-15 16:11:40,3186
2022-11-15 16:10:40,3147
2022-11-15 16:09:40,3137
2022-11-15 16:08:40,3102
2022-11-15 16:07:40,3115
2022-11-15 16:06:40,3117
2022-11-15 16:05:40,3080
2022-11-15 16:04:40,3134
2022-11-15 16:03:40,3053
2022-11-15 16:02:40,3134
2022-11-15 16:01:40,3203
2022-11-15 16:00:40,3181
2022-11-15 15:59:40,3174
2022-11-15 15:58:40,3147
2022-11-15 15:57:40,3159
2022-11-15 15:56:40,3164
2022-11-15 15:55:40,3110
2022-11-15 15:54:40,3093
2022-11-15 15:53:40,3090
2022-11-15 15:52:40,3098
2022-11-15 15:51:40,3125
2022-11-15 15:50:40,3088
2022-11-15 15:49:40,3125
2022-11-15 15:48:40,3085
2022-11-15 15:47:40,3100
2022-11-15 15:46:40,3049
2022-11-15 15:45:40,3007
2022-11-15 15:44:40,3049
2022-11-15 15:43:40,2972
2022-11-15 15:42:40,3026
2022-11-15 15:41:40,3007
2022-11-15 15:40:40,3019
2022-11-15 15:39:40,2992
2022-11-15 15:38:40,3012
2022-11-15 15:37:40,2914
2022-11-15 15:36:40,2896
2022-11-15 15:35:40,2896
2022-11-15 15:34:40,2889
2022-11-15 15:33:40,2842
2022-11-15 15:32:40,2842
2022-11-15 15:31:40,2833
2022-11-15 15:30:40,2847
2022-11-15 15:29:40,2823
2022-11-15 15:28:40,2737
2022-11-15 15:27:40,2818
2022-11-15 15:26:40,2820
2022-11-15 15:25:40,2764
2022-11-15 15:24:40,2784
2022-11-15 15:23:40,2737
2022-11-15 15:22:40,2774
2022-11-15 15:21:40,2781
2022-11-15 15:20:40,2788
2022-11-15 15:19:40,2774
2022-11-15 15:18:40,2695
2022-11-15 15:17:40,2680
2022-11-15 15:16:40,2693
2022-11-15 15:15:40,2766
2022-11-15 15:14:40,2749
2022-11-15 15:13:40,2766
2022-11-15 15:12:40,2742
2022-11-15 15:11:40,2710
2022-11-15 15:10:40,2707
2022-11-15 15:09:40,2651
2022-11-15 15:08:40,2676
2022-11-15 15:07:40,2649
2022-11-15 15:06:40,2673
2022-11-15 15:05:40,2617
2022-11-15 15:04:40,2651
2022-11-15 15:03:40,2634
2022-11-15 15:02:40,2550
2022-11-15 15:01:40,2558
2022-11-15 15:00:40,2536
2022-11-15 14:59:40,2501
2022-11-15 14:58:40,2433
2022-11-15 14:57:40,2381
2022-11-15 14:56:40,2499
2022-11-15 14:55:40,2472
2022-11-15 14:54:40,2438
2022-11-15 14:53:40,2433
2022-11-15 14:52:40,2374
2022-11-15 14:51:40,2361
2022-11-15 14:50:40,2371
2022-11-15 14:49:40,2352
2022-11-15 14:48:40,2354
2022-11-15 14:47:40,2359
2022-11-15 14:46:40,2349
2022-11-15 14:45:40,2381
2022-11-15 14:44:40,2506
2022-11-15 14:43:40,2496
2022-11-15 14:42:40,2467
2022-11-15 14:41:39,2492
2022-11-15 14:40:39,2496
2022-11-15 14:39:39,2435
2022-11-15 14:38:39,2482
2022-11-15 14:37:39,2472
2022-11-15 14:36:39,2450
2022-11-15 14:35:39,2467
2022-11-15 14:34:39,2445
2022-11-15 14:33:39,2423
2022-11-15 14:32:39,2310
2022-11-15 14:31:39,2371
2022-11-15 14:30:39,2384
2022-11-15 14:29:39,2398
2022-11-15 14:28:39,2401
2022-11-15 14:27:39,2361
2022-11-15 14:26:39,2330
2022-11-15 14:25:39,2344
2022-11-15 14:24:39,2393
2022-11-15 14:23:39,2374
2022-11-15 14:22:39,2332
2022-11-15 14:21:39,2364
2022-11-15 14:20:39,2366
2022-11-15 14:19:39,2332
2022-11-15 14:18:39,2339
2022-11-15 14:17:39,2342
2022-11-15 14:16:39,2312
2022-11-15 14:15:39,2334
2022-11-15 14:14:39,2281
2022-11-15 14:13:39,2305
2022-11-15 14:12:39,2349
2022-11-15 14:11:39,2310
2022-11-15 14:10:39,2325
2022-11-15 14:09:39,2325
2022-11-15 14:08:39,2281
2022-11-15 14:07:39,2354
2022-11-15 14:06:39,2332
2022-11-15 14:05:39,2361
2022-11-15 14:04:39,2371
2022-11-15 14:03:39,2352
2022-11-15 14:02:39,2344
2022-11-15 14:01:39,2352
2022-11-15 14:00:39,2339
2022-11-15 13:59:39,2344
2022-11-15 13:58:39,2281
2022-11-15 13:57:39,2327
2022-11-15 13:56:39,2369
2022-11-15 13:55:39,2398
2022-11-15 13:54:39,2460
2022-11-15 13:53:39,2460
2022-11-15 13:52:39,2479
2022-11-15 13:51:39,2450
2022-11-15 13:50:39,2494
2022-11-15 13:49:39,2568
2022-11-15 13:48:39,2629
2022-11-15 13:47:39,2607
2022-11-15 13:46:39,2658
2022-11-15 13:45:39,2680
2022-11-15 13:44:39,2695
2022-11-15 13:43:39,2715
2022-11-15 13:42:39,2742
2022-11-15 13:41:39,2742
2022-11-15 13:40:39,2759
2022-11-15 13:39:39,2700
2022-11-15 13:38:39,2747
2022-11-15 13:37:39,2786
2022-11-15 13:36:39,2838
2022-11-15 13:35:39,2842
2022-11-15 13:34:39,2894
2022-11-15 13:33:39,2950
2022-11-15 13:32:39,3019
2022-11-15 13:31:39,3053
2022-11-15 13:30:39,3100
2022-11-15 13:29:39,3166
2022-11-15 13:28:39,3176
2022-11-15 13:27:39,3181
2022-11-15 13:26:39,3264
2022-11-15 13:25:39,3269
2022-11-15 13:24:39,3365
2022-11-15 13:23:39,3390
2022-11-15 13:22:39,3429
2022-11-15 13:21:39,3515
2022-11-15 13:20:39,3559
2022-11-15 13:19:39,3623
2022-11-15 13:18:39,3691
2022-11-15 13:17:39,3772
2022-11-15 13:16:39,3795
2022-11-15 13:15:39,3817
2022-11-15 13:14:39,3902
2022-11-15 13:13:39,3905
2022-11-15 13:12:39,3998
2022-11-15 13:11:39,4042
2022-11-15 13:10:39,4064
2022-11-15 13:09:39,4182
2022-11-15 13:08:39,4248
2022-11-15 13:07:39,4307
2022-11-15 13:06:39,4415
2022-11-15 13:05:39,4462
2022-11-15 13:04:39,4555
2022-11-15 13:03:39,4582
2022-11-15 13:02:39,4636
2022-11-15 13:01:38,4712
2022-11-15 13:00:38,4766
2022-11-15 12:59:38,4943
2022-11-15 12:58:38,5180
2022-11-15 12:57:38,4928
2022-11-15 12:56:38,4781
2022-11-15 12:55:38,4818
2022-11-15 12:54:38,4867
2022-11-15 12:53:38,4911
2022-11-15 12:52:38,4899
2022-11-15 12:51:38,4913
2022-11-15 12:50:38,4886
2022-11-15 12:49:38,5024
2022-11-15 12:48:38,5157
2022-11-15 12:47:38,5238
2022-11-15 12:46:38,5348
2022-11-15 12:45:38,5377
2022-11-15 12:44:38,5493
2022-11-15 12:43:38,5614
2022-11-15 12:42:38,5725
2022-11-15 12:41:38,5753
2022-11-15 12:40:38,5829
2022-11-15 12:39:38,5939
2022-11-15 12:38:38,6095
2022-11-15 12:37:38,6095
2022-11-15 12:36:38,6240
2022-11-15 12:35:38,6275
2022-11-15 12:34:38,6309
2022-11-15 12:33:38,6437
2022-11-15 12:32:38,6616
2022-11-15 12:31:38,6744
2022-11-15 12:30:38,6918
2022-11-15 12:29:38,7074
2022-11-15 12:28:38,7190
2022-11-15 12:27:38,7184
2022-11-15 12:26:38,7172
2022-11-15 12:25:38,7120
2022-11-15 12:24:38,7161
2022-11-15 12:23:38,7346
2022-11-15 12:22:38,7566
2022-11-15 12:21:38,7508
2022-11-15 12:20:38,7659
2022-11-15 12:19:38,7549
2022-11-15 12:18:38,7641
2022-11-15 12:17:38,7804
2022-11-15 12:16:38,7879
2022-11-15 12:15:38,8012
2022-11-15 12:14:38,8308
2022-11-15 12:13:38,8261
2022-11-15 12:12:38,8284
2022-11-15 12:11:38,8331
2022-11-15 12:10:38,8348
2022-11-15 12:09:38,8394
2022-11-15 12:08:38,8418
2022-11-15 12:07:38,8481
2022-11-15 12:06:38,8504
2022-11-15 12:05:38,8580
2022-11-15 12:04:38,8800
2022-11-15 12:03:38,8858
2022-11-15 12:02:38,8921
2022-11-15 12:01:38,9037
2022-11-15 12:00:38,8962
2022-11-15 11:59:38,9026
2022-11-15 11:58:38,9292
2022-11-15 11:57:38,9240
2022-11-15 11:56:38,9223
2022-11-15 11:55:38,9240
2022-11-15 11:54:38,9292
2022-11-15 11:53:38,9263
2022-11-15 11:52:38,9263
2022-11-15 11:51:38,9263
2022-11-15 11:50:38,9419
2022-11-15 11:49:38,9558
2022-11-15 11:48:38,9616
2022-11-15 11:47:38,9796
2022-11-15 11:46:38,9848
2022-11-15 11:45:38,9784
2022-11-15 11:44:38,9894
2022-11-15 11:43:38,9813
2022-11-15 11:42:38,9790
2022-11-15 11:41:38,9703
2022-11-15 11:40:38,9935
2022-11-15 11:39:38,9952
2022-11-15 11:38:38,10045
2022-11-15 11:37:38,9993
2022-11-15 11:36:38,10004
2022-11-15 11:35:38,9894
2022-11-15 11:34:38,9947
2022-11-15 11:33:38,9975
2022-11-15 11:32:38,9999
2022-11-15 11:31:38,9970
2022-11-15 11:30:38,9958
2022-11-15 11:29:38,9732
2022-11-15 11:28:38,9813
2022-11-15 11:27:38,9750
2022-11-15 11:26:38,9836
2022-11-15 11:25:38,9773
2022-11-15 11:24:38,9755
2022-11-15 11:23:38,9819
2022-11-15 11:22:38,9836
2022-11-15 11:21:37,9767
2022-11-15 11:20:37,9802
2022-11-15 11:19:38,9807
2022-11-15 11:18:37,9773
2022-11-15 11:17:37,9669
2022-11-15 11:16:37,9477
2022-11-15 11:15:37,9622
2022-11-15 11:14:37,9587
2022-11-15 11:13:37,9558
2022-11-15 11:12:37,9611
2022-11-15 11:11:37,9477
2022-11-15 11:10:37,9564
2022-11-15 11:09:37,9396
2022-11-15 11:08:37,9350
2022-11-15 11:07:37,9367
2022-11-15 11:06:37,9182
2022-11-15 11:05:37,9188
2022-11-15 11:04:37,9141
2022-11-15 11:03:37,9072
2022-11-15 11:02:37,9002
2022-11-15 11:01:37,8835
2022-11-15 11:00:37,8852
2022-11-15 10:59:37,8892
2022-11-15 10:58:37,8684
2022-11-15 10:57:37,8759
2022-11-15 10:56:37,8777
2022-11-15 10:55:37,8614
2022-11-15 10:54:37,8643
2022-11-15 10:53:37,8493
2022-11-15 10:52:37,8377
2022-11-15 10:51:37,8302
2022-11-15 10:50:37,8197
2022-11-15 10:49:37,8018
2022-11-15 10:48:37,7844
2022-11-15 10:47:37,7804
2022-11-15 10:46:37,7630
2022-11-15 10:45:37,7578
2022-11-15 10:44:37,7421
2022-11-15 10:43:37,7311
2022-11-15 10:42:37,7190
2022-11-15 10:41:37,7114
2022-11-15 10:40:37,6987
2022-11-15 10:39:37,6796
2022-11-15 10:38:37,6796
2022-11-15 10:37:37,6790
2022-11-15 10:36:37,6761
2022-11-15 10:35:37,6547
2022-11-15 10:34:37,6547
2022-11-15 10:33:37,6298
2022-11-15 10:32:37,6159
2022-11-15 10:31:37,5939
2022-11-15 10:30:37,5771
2022-11-15 10:29:37,5638
2022-11-15 10:28:37,5389
2022-11-15 10:27:37,5174
2022-11-15 10:26:37,5111
2022-11-15 10:25:37,5394
2022-11-15 10:24:37,5377
2022-11-15 10:23:37,5284
2022-11-15 10:22:37,4989
2022-11-15 10:21:37,4756
2022-11-15 10:20:37,4653
2022-11-15 10:19:37,4464
2022-11-15 10:17:29,3900
2022-11-15 10:16:29,3777
2022-11-15 10:15:29,3569
2022-11-15 10:14:29,3444
2022-11-15 10:13:29,3414
2022-11-15 10:12:28,3444
2022-11-15 10:11:28,3689
2022-11-15 10:10:28,3839
2022-11-15 10:09:28,3844
2022-11-15 10:08:28,3861
2022-11-15 10:07:28,3758
2022-11-15 10:06:28,3640
2022-11-15 10:05:28,3620
2022-11-15 10:04:28,3591
2022-11-15 10:03:28,3498
2022-11-15 10:02:28,3456
2022-11-15 10:01:28,3372
2022-11-15 10:00:28,3321
2022-11-15 09:59:28,3296
2022-11-15 09:58:28,3181
2022-11-15 09:57:28,3171
2022-11-15 09:56:28,3039
2022-11-15 09:55:28,3012
2022-11-15 09:54:28,2970
2022-11-15 09:53:28,2891
2022-11-15 09:52:28,2972
2022-11-15 09:51:28,2882
2022-11-15 09:50:28,2958
2022-11-15 09:49:28,2852
2022-11-15 09:48:28,2855
2022-11-15 09:47:28,2779
2022-11-15 09:46:28,2749
2022-11-15 09:45:28,2757
2022-11-15 09:44:28,2629
2022-11-15 09:43:28,2575
2022-11-15 09:42:28,2516
2022-11-15 09:41:28,2423
2022-11-15 09:40:28,2391
2022-11-15 09:39:28,2337
2022-11-15 09:38:28,2325
2022-11-15 09:37:28,2204
2022-11-15 09:36:28,2175
2022-11-15 09:35:28,2109
2022-11-15 09:34:28,2053
2022-11-15 09:33:28,2047
2022-11-15 09:32:28,2033
2022-11-15 09:31:28,2012
2022-11-15 09:30:28,2029
2022-11-15 09:29:28,2017
2022-11-15 09:28:28,1990
2022-11-15 09:27:28,1954
2022-11-15 09:26:28,1915
2022-11-15 09:25:28,1889
2022-11-15 09:24:28,1873
2022-11-15 09:23:28,1842
2022-11-15 09:22:28,1838
2022-11-15 09:21:28,1813
2022-11-15 09:20:28,1807
2022-11-15 09:19:28,1794
2022-11-15 09:18:28,1775
2022-11-15 09:17:28,1791
2022-11-15 09:16:28,1773
2022-11-15 09:15:28,1756
2022-11-15 09:14:28,1722
2022-11-15 09:13:28,1667
2022-11-15 09:12:28,1640
2022-11-15 09:11:28,1611
2022-11-15 09:10:28,1594
2022-11-15 09:09:28,1587
2022-11-15 09:08:28,1590
2022-11-15 09:07:28,1574
2022-11-15 09:06:28,1585
2022-11-15 09:05:28,1539
2022-11-15 09:04:28,1542
2022-11-15 09:03:28,1539
2022-11-15 09:02:28,1514
2022-11-15 09:01:28,1529
2022-11-15 09:00:28,1506
2022-11-15 08:59:28,1469
2022-11-15 08:58:28,1460
2022-11-15 08:57:28,1456
2022-11-15 08:56:28,1424
2022-11-15 08:55:28,1407
2022-11-15 08:54:28,1373
2022-11-15 08:53:28,1314
2022-11-15 08:52:28,1283
2022-11-15 08:51:28,1253
2022-11-15 08:50:28,1219
2022-11-15 08:49:28,1196
2022-11-15 08:48:28,1179
2022-11-15 08:47:28,1133
2022-11-15 08:46:28,1120
2022-11-15 08:45:28,1105
2022-11-15 08:44:28,1076
2022-11-15 08:43:28,1077
2022-11-15 08:42:28,1048
2022-11-15 08:41:28,1016
2022-11-15 08:40:28,1037
2022-11-15 08:39:28,1008
2022-11-15 08:38:28,1065
2022-11-15 08:37:28,1095
2022-11-15 08:36:28,1074
2022-11-15 08:35:28,1102
2022-11-15 08:34:28,1097
2022-11-15 08:33:28,1071
2022-11-15 08:32:27,1065
2022-11-15 08:31:27,1037
2022-11-15 08:30:27,1023
2022-11-15 08:29:27,1009
2022-11-15 08:28:27,976
2022-11-15 08:27:27,957
2022-11-15 08:26:27,954
2022-11-15 08:25:27,925
2022-11-15 08:24:27,924
2022-11-15 08:23:27,926
2022-11-15 08:22:27,924
2022-11-15 08:21:27,916
2022-11-15 08:20:27,906
2022-11-15 08:19:27,883
2022-11-15 08:18:27,882
2022-11-15 08:17:27,861
2022-11-15 08:16:27,861
2022-11-15 08:15:27,853
2022-11-15 08:14:27,842
2022-11-15 08:13:27,834
2022-11-15 08:12:27,816
2022-11-15 08:11:27,810
2022-11-15 08:10:27,802
2022-11-15 08:09:27,789
2022-11-15 08:08:27,770
2022-11-15 08:07:27,767
2022-11-15 08:06:27,757
2022-11-15 08:05:27,749
2022-11-15 08:04:27,737
2022-11-15 08:03:27,730
2022-11-15 08:02:27,713
2022-11-15 08:01:27,714
2022-11-15 08:00:27,704
2022-11-15 07:59:27,710
2022-11-15 07:58:27,715
2022-11-15 07:57:27,728
2022-11-15 07:56:27,739
2022-11-15 07:55:27,748
2022-11-15 07:54:27,747
2022-11-15 07:53:27,747
2022-11-15 07:52:27,742
2022-11-15 07:51:27,739
2022-11-15 07:50:27,735
2022-11-15 07:49:27,727
2022-11-15 07:48:27,717
2022-11-15 07:47:27,715
2022-11-15 07:46:27,706
2022-11-15 07:45:27,700
2022-11-15 07:44:27,691
2022-11-15 07:43:27,685
2022-11-15 07:42:27,687
2022-11-15 07:41:27,683
2022-11-15 07:40:27,670
2022-11-15 07:39:27,675
2022-11-15 07:38:27,679
2022-11-15 07:37:27,664
2022-11-15 07:36:27,659
2022-11-15 07:35:27,651
2022-11-15 07:34:27,649
2022-11-15 07:33:27,638
2022-11-15 07:32:27,633
2022-11-15 07:31:27,629
2022-11-15 07:30:27,627
2022-11-15 07:29:27,610
2022-11-15 07:28:27,610
2022-11-15 07:27:27,613
2022-11-15 07:26:27,613
2022-11-15 07:25:27,614
2022-11-15 07:24:27,594
2022-11-15 07:23:27,594
2022-11-15 07:22:27,589
2022-11-15 07:21:27,592
2022-11-15 07:20:27,585
2022-11-15 07:19:27,572
2022-11-15 07:18:27,582
2022-11-15 07:17:27,572
2022-11-15 07:16:27,559
2022-11-15 07:15:27,554
2022-11-15 07:14:27,539
2022-11-15 07:13:27,543
2022-11-15 07:12:27,541
2022-11-15 07:11:27,531
2022-11-15 07:10:27,523
2022-11-15 07:09:27,514
2022-11-15 07:08:27,505
2022-11-15 07:07:27,489
2022-11-15 07:06:27,492
2022-11-15 07:05:27,495
2022-11-15 07:04:27,491
2022-11-15 07:03:27,497
2022-11-15 07:02:27,471
2022-11-15 07:01:27,475
2022-11-15 07:00:27,469
2022-11-15 06:59:27,466
2022-11-15 06:58:27,467
2022-11-15 06:57:27,468
2022-11-15 06:56:27,473
2022-11-15 06:55:27,480
2022-11-15 06:54:27,474
2022-11-15 06:53:27,477
2022-11-15 06:52:26,482
2022-11-15 06:51:26,478
2022-11-15 06:50:26,478
2022-11-15 06:49:26,488
2022-11-15 06:48:26,487
2022-11-15 06:47:26,480
2022-11-15 06:46:26,479
2022-11-15 06:45:26,477
2022-11-15 06:44:26,485
2022-11-15 06:43:26,490
2022-11-15 06:42:26,487
2022-11-15 06:41:26,490
2022-11-15 06:40:26,471
2022-11-15 06:39:26,469
2022-11-15 06:38:26,477
2022-11-15 06:37:26,467
2022-11-15 06:36:26,482
2022-11-15 06:35:26,465
2022-11-15 06:34:26,473
2022-11-15 06:33:26,477
2022-11-15 06:32:26,467
2022-11-15 06:31:26,464
2022-11-15 06:30:26,478
2022-11-15 06:29:26,484
2022-11-15 06:28:26,483
2022-11-15 06:27:26,485
2022-11-15 06:26:26,489
2022-11-15 06:25:26,498
2022-11-15 06:24:26,503
2022-11-15 06:23:26,502
2022-11-15 06:22:26,511
2022-11-15 06:21:26,518
2022-11-15 06:20:26,522
2022-11-15 06:19:26,521
2022-11-15 06:18:26,515
2022-11-15 06:17:26,520
2022-11-15 06:16:26,517
2022-11-15 06:15:26,524
2022-11-15 06:14:26,507
2022-11-15 06:13:26,515
2022-11-15 06:12:26,508
2022-11-15 06:11:26,509
2022-11-15 06:10:26,502
2022-11-15 06:09:26,499
2022-11-15 06:08:26,505
2022-11-15 06:07:26,509
2022-11-15 06:06:26,509
2022-11-15 06:05:26,501
2022-11-15 06:04:26,497
2022-11-15 06:03:26,483
2022-11-15 06:02:26,497
2022-11-15 06:01:26,494
2022-11-15 06:00:26,488
2022-11-15 05:59:26,479
2022-11-15 05:58:26,486
2022-11-15 05:57:26,481
2022-11-15 05:56:26,483
2022-11-15 05:55:26,482
2022-11-15 05:54:26,489
2022-11-15 05:53:26,480
2022-11-15 05:52:26,487
2022-11-15 05:51:26,481
2022-11-15 05:50:26,468
2022-11-15 05:49:26,467
2022-11-15 05:48:26,469
2022-11-15 05:47:26,467
2022-11-15 05:46:26,463
2022-11-15 05:45:26,459
2022-11-15 05:44:26,460
2022-11-15 05:43:26,464
2022-11-15 05:42:26,455
2022-11-15 05:41:26,467
2022-11-15 05:40:26,450
2022-11-15 05:39:26,450
2022-11-15 05:38:26,447
2022-11-15 05:37:26,440
2022-11-15 05:36:26,443
2022-11-15 05:35:26,439
2022-11-15 05:34:26,441
2022-11-15 05:33:26,437
2022-11-15 05:32:26,444
2022-11-15 05:31:26,435
2022-11-15 05:30:26,438
2022-11-15 05:29:26,424
2022-11-15 05:28:26,428
2022-11-15 05:27:26,426
2022-11-15 05:26:26,426
2022-11-15 05:25:26,411
2022-11-15 05:23:26,412
2022-11-15 05:22:26,405
2022-11-15 05:12:25,411
2022-11-15 05:11:25,424
2022-11-15 05:10:25,420
2022-11-15 05:09:25,427
2022-11-15 05:08:25,419
2022-11-15 05:07:25,422
2022-11-15 05:06:25,425
2022-11-15 05:05:25,424
2022-11-15 05:04:25,419
2022-11-15 05:03:25,422
2022-11-15 05:02:25,425
2022-11-15 05:01:25,434
2022-11-15 05:00:25,431
2022-11-15 04:59:25,421
2022-11-15 04:58:25,425
2022-11-15 04:57:25,412
2022-11-15 04:56:25,407
2022-11-15 04:55:25,412
2022-11-15 04:54:25,411
2022-11-15 04:53:25,401
2022-11-15 04:52:25,403
2022-11-15 04:51:25,409
2022-11-15 04:50:25,407
2022-11-15 04:49:25,405
2022-11-15 04:47:25,412
2022-11-15 04:46:25,405
2022-11-15 04:44:25,403
2022-11-15 04:43:25,403
2022-11-15 04:42:25,416
2022-11-15 04:41:25,429
2022-11-15 04:40:25,418
2022-11-15 04:39:25,411
2022-11-15 04:38:25,404
2022-11-15 04:37:25,401
2022-11-15 04:36:25,408
2022-11-15 04:34:25,407
2022-11-15 04:28:25,408
2022-11-15 04:13:25,401
2022-11-15 04:12:25,402
2022-11-15 04:11:25,403
2022-11-15 04:09:25,402
2022-11-15 03:40:25,421
2022-11-15 03:39:25,414
2022-11-15 03:38:25,424
2022-11-15 03:37:25,417
2022-11-15 03:36:25,417
2022-11-15 03:35:25,425
2022-11-15 03:34:25,445
2022-11-15 03:33:25,432
2022-11-15 03:32:24,436
2022-11-15 03:31:24,422
2022-11-15 03:30:24,428
2022-11-15 03:29:24,424
2022-11-15 03:28:24,431
2022-11-15 03:27:24,433
2022-11-15 03:26:24,440
2022-11-15 03:25:24,438
2022-11-15 03:24:24,431
2022-11-15 03:23:24,433
2022-11-15 03:22:24,430
2022-11-15 03:21:24,422
2022-11-15 03:20:24,417
2022-11-15 03:19:24,427
2022-11-15 03:18:24,414
2022-11-15 03:17:24,432
2022-11-15 03:16:24,427
2022-11-15 03:15:24,432
2022-11-15 03:14:24,425
2022-11-15 03:13:24,423
2022-11-15 03:12:24,423
2022-11-15 03:11:24,417
2022-11-15 03:10:24,417
2022-11-15 03:09:24,410
2022-11-15 03:08:24,411
2022-11-15 03:07:24,402
2022-11-15 03:00:24,406
2022-11-14 16:48:18,403
2022-11-14 16:47:18,414
2022-11-14 16:46:18,429
2022-11-14 16:45:18,434
2022-11-14 16:44:18,441
2022-11-14 16:43:18,452
2022-11-14 16:42:18,463
2022-11-14 16:41:18,474
2022-11-14 16:40:18,429
